,country,date,GDPRate,UnemploymentRate,InflationRate,InterestRate,CorruptionIndex
3,Albania,1/1/19,2.604023954,11.5,1.411092372,5.9,35.0
4,Albania,1/1/18,5.48604436,12.3,2.028059104,4.5,36.0
5,Albania,1/1/17,5.308489608,13.6,1.986660635,4.7,38.0
6,Albania,1/1/16,2.661397686,15.4,1.275436465,7.4,39.0
7,Albania,1/1/15,2.795224785,17.2,1.8961677190000001,7.3,36.0
8,Albania,1/1/14,3.3518617460000004,18.1,1.625867905,6.3,33.0
9,Albania,1/1/13,1.2936342809999999,15.9,1.937612474,9.5,31.0
10,Albania,1/1/12,2.474727325,13.4,2.0316038659999998,9.7,33.0
11,Albania,1/1/11,4.9190268569999995,13.5,3.4291199999999997,9.9,31.0
12,Albania,1/1/10,8.366549746,14.1,3.622336375,8.0,33.0
13,Albania,1/1/09,5.853872405,13.7,2.231394978,10.0,32.0
14,Albania,1/1/08,11.92594351,13.1,3.3631436060000004,8.6,34.0
15,Albania,1/1/07,10.63240152,16.0,2.932674935,9.3,29.0
16,Albania,1/1/06,8.527112407,13.8,2.370734887,10.2,26.0
17,Albania,1/1/05,9.016077422,14.1,2.36657995,9.5,24.0
18,Albania,1/1/04,8.840900791000001,14.4,2.280019169,8.3,25.0
19,Albania,1/1/03,11.01455001,15.0,0.484001147,8.6,25.0
20,Albania,1/1/02,8.349560776,15.8,7.770521702999999,11.3,25.0
21,Albania,1/1/99,15.26450415,18.4,0.38943637700000006,19.1,23.0
22,Armenia,1/1/16,0.469112226,18.0,-1.403609761,17.0,33.0
23,Armenia,1/1/15,4.452755021000001,18.5,3.7316870769999997,16.2,35.0
24,Armenia,1/1/14,5.992312997999999,17.6,2.981307621,13.8,37.0
25,Armenia,1/1/13,6.777929855,16.2,5.789669044,12.2,36.0
26,Armenia,1/1/12,12.93070234,17.3,2.558021128,11.3,34.0
27,Armenia,1/1/11,9.182782847,18.4,7.650010000000001,12.9,26.0
28,Armenia,1/1/10,10.13962722,19.0,8.176358619,10.6,26.0
29,Angola,1/1/19,-0.9,6.89,17.14529968,-12.2,26.0
30,Angola,1/1/18,-2.0,7.02,20.19041451,-6.5,19.0
31,Angola,1/1/17,-0.1,7.12,31.69163805,-5.6,19.0
32,Angola,1/1/16,-2.6,7.22,32.37772718,-4.9,18.0
33,Angola,1/1/15,0.9,7.28,-21.53165398,21.1,15.0
34,Angola,1/1/14,4.8,7.33,7.280382228,12.4,19.0
35,Angola,1/1/13,5.0,7.4,8.777772434,12.6,23.0
36,Angola,1/1/12,8.5,7.38,10.27789563,8.8,22.0
37,Angola,1/1/11,3.5,7.36,13.48244569,-9.9,2.0
40,Angola,1/1/08,11.17,3.61,12.47577867,-5.7,1.9
41,Angola,1/1/07,14.0,3.64,12.25155147,12.8,2.2
42,Angola,1/1/06,11.5,3.71,13.30516096,2.0,2.2
43,Angola,1/1/05,15.0,3.8,22.95349139,17.8,2.0
46,Australia,1/1/19,5.263368435,5.2,1.6107734459999998,1.7,77.0
47,Australia,1/1/18,4.890659986,5.3,1.911402496,3.3,77.0
48,Australia,1/1/17,6.196912894,5.6,1.9486400369999999,1.5,77.0
49,Australia,1/1/16,2.222884265,5.7,1.276989774,6.0,79.0
50,Australia,1/1/15,1.630935922,6.1,1.508373678,6.2,79.0
51,Australia,1/1/14,4.050167056,6.1,2.487922272,4.4,80.0
52,Australia,1/1/13,2.457487972,5.7,2.449886502,6.3,81.0
53,Australia,1/1/12,5.847431425,5.2,1.76278038,5.0,85.0
54,Australia,1/1/11,8.869506944,5.1,3.30385,1.4,88.0
55,Australia,1/1/10,3.258831325,5.2,2.91834222,6.0,87.0
56,Australia,1/1/09,7.0356821,5.6,1.771109817,1.0,87.0
57,Australia,1/1/08,8.34903225,4.2,4.350299541,4.2,87.0
58,Australia,1/1/07,9.048603515,4.4,2.327616395,3.0,86.0
59,Australia,1/1/06,8.029198662999999,4.8,3.555288917,2.4,87.0
60,Australia,1/1/05,7.123022302000001,5.0,2.691834877,3.3,88.0
61,Australia,1/1/04,7.500873951,5.4,2.343245327,3.6,88.0
62,Australia,1/1/03,6.192484485,5.9,2.732603899,3.4,88.0
63,Australia,1/1/02,6.976226339,6.4,2.981565928,3.4,86.0
64,Australia,1/1/01,6.64091391,6.7,4.407141316000001,2.1,85.0
65,Australia,1/1/00,6.614302231,6.3,4.457439109,5.0,83.0
66,Australia,1/1/99,5.448761004,6.9,1.483125524,6.2,87.0
67,Australia,1/1/98,5.907893339,7.7,0.860127286,5.3,87.0
68,Australia,1/1/97,5.248683186,8.4,0.224891282,5.9,88.6
69,Australia,1/1/96,6.678973729,8.5,2.615383569,6.8,86.0
70,Australia,1/1/95,6.185628987,8.5,4.627773945,8.1,88.0
71,Azerbaijan,1/1/18,13.86765011,4.9,2.263516831,4.7,25.0
72,Azerbaijan,1/1/17,16.40474504,5.0,12.93998428,0.3,31.0
73,Azerbaijan,1/1/16,11.11658698,5.0,12.44949479,1.5,30.0
74,Azerbaijan,1/1/15,-7.8525301579999995,5.0,4.009438361,28.9,29.0
75,Azerbaijan,1/1/14,1.430167406,4.9,1.389726494,19.4,29.0
76,Azerbaijan,1/1/13,6.280722712999999,5.0,2.418870262,17.7,28.0
77,Azerbaijan,1/1/12,5.110594831,5.2,1.0681024909999999,15.1,27.0
78,Azerbaijan,1/1/11,22.64688567,5.4,7.852384,-4.5,24.0
79,Azerbaijan,1/1/10,19.27868208,5.6,5.732387098999999,6.0,24.0
81,Azerbaijan,1/1/08,41.52500837,5.9,20.83729272,-6.4,19.0
82,Azerbaijan,1/1/07,51.28666076,6.3,16.66125709,-1.2,21.0
83,Azerbaijan,1/1/06,49.70013975,6.6,8.328925947,5.9,24.0
84,Azerbaijan,1/1/05,46.80195072,7.3,9.679506667,2.0,22.0
85,Azerbaijan,1/1/04,19.36192542,8.0,6.708931602000001,5.9,19.0
86,Azerbaijan,1/1/03,17.88041237,9.2,2.233863529,7.9,18.0
87,Azerbaijan,1/1/02,14.05109489,10.0,2.77116615,12.6,20.0
88,Azerbaijan,1/1/01,12.6639961,10.9,1.547195335,16.8,20.0
89,Azerbaijan,1/1/00,24.97947074,11.8,1.805001815,6.4,15.0
90,Azerbaijan,1/1/99,9.722141487,16.3,-8.525169242,17.0,17.0
91,Bosnia and Herzegovina,1/1/19,4.728911502,15.7,0.562750517,1.2,36.0
92,Bosnia and Herzegovina,1/1/18,6.590400889,18.4,1.417090254,1.0,38.0
93,Bosnia and Herzegovina,1/1/17,4.921607011,20.5,0.81019358,1.6,38.0
94,Bosnia and Herzegovina,1/1/16,4.601097273,25.4,-1.584107606,3.8,39.0
101,Bosnia and Herzegovina,1/1/09,-2.8245647519999997,24.1,-0.38143312799999995,7.7,30.0
102,Bosnia and Herzegovina,1/1/08,13.1785012,23.4,7.427022696,-0.3,32.0
105,Barbados,1/1/16,2.439107415,9.7,1.281926698,8.1,61.0
106,Barbados,1/1/14,0.40827422399999996,12.2,1.769502035,7.8,74.0
107,Barbados,1/1/13,1.4566399490000002,11.6,1.81411228,5.6,75.0
108,Barbados,1/1/12,-1.022038884,11.6,4.5333457610000005,9.3,76.0
109,Barbados,1/1/11,2.8205963960000004,11.2,9.4322,5.0,78.0
110,Barbados,1/1/10,1.439228154,10.7,5.824215607,4.7,78.0
111,Barbados,1/1/09,-6.672361636000001,10.0,3.643864972,11.1,74.0
112,Barbados,1/1/08,2.373070647,8.1,8.108114197,8.2,70.0
113,Barbados,1/1/07,10.82541327,7.4,4.034224611,2.1,69.0
114,Barbados,1/1/06,10.41619732,8.7,7.307665121,5.8,67.0
115,Barbados,1/1/05,10.89674765,9.1,6.082185579,2.3,69.0
116,Barbados,1/1/04,7.313302417999999,9.6,1.3944174040000001,2.4,73.0
117,Burkina Faso,1/1/17,6.3,6.22,1.4830009290000001,3.1,42.0
118,Burkina Faso,1/1/16,5.9,6.34,0.441015561,2.7,42.0
119,Burkina Faso,1/1/15,3.9,6.42,0.724836155,7.5,38.0
120,Burkina Faso,1/1/14,4.3,6.48,-0.258082081,6.0,38.0
121,Burkina Faso,1/1/13,5.8,6.09,0.533729272,7.6,38.0
122,Burkina Faso,1/1/12,6.5,5.6,3.818127322,-0.7,38.0
123,Burkina Faso,1/1/11,6.6,5.14,2.7598,-1.4,3.0
124,Burkina Faso,1/1/10,8.4,4.72,-0.764214782,1.3,3.1
125,Burkina Faso,1/1/09,3.0,4.24,2.60811924,2.5,3.6
126,Burkina Faso,1/1/08,5.8,3.61,10.65980982,-3.8,3.5
127,Burkina Faso,1/1/07,4.4,3.3,-0.230570164,2.2,2.9
128,Burkina Faso,1/1/06,6.0,3.64,2.333034993,5.4,3.2
129,Burkina Faso,1/1/05,8.7,4.0,6.41511559,4.9,3.4
130,Bulgaria,1/1/19,8.180859612999999,4.2,3.103728953,-0.1,43.0
131,Bulgaria,1/1/18,7.220224407999999,5.2,2.8118689339999996,0.9,42.0
132,Bulgaria,1/1/17,7.588414748,6.2,2.064355214,1.4,43.0
133,Bulgaria,1/1/16,6.446852777,7.6,-0.798749189,3.8,41.0
134,Bulgaria,1/1/15,6.529722866,9.1,-0.10463369300000001,4.9,41.0
135,Bulgaria,1/1/14,2.365470379,11.4,-1.41818404,7.8,43.0
136,Bulgaria,1/1/13,-0.35230683100000004,12.9,0.890093707,9.8,41.0
137,Bulgaria,1/1/12,1.8927462780000002,12.3,2.954569052,8.1,41.0
138,Bulgaria,1/1/11,8.433654367,11.3,4.2199029999999995,4.4,33.0
139,Bulgaria,1/1/10,1.721821442,10.3,2.43899041,9.9,36.0
140,Bulgaria,1/1/09,0.490320543,6.8,2.753202323,7.0,38.0
141,Bulgaria,1/1/08,14.71195049,5.6,12.34871906,2.5,36.0
142,Bulgaria,1/1/07,18.3673592,6.9,8.40253446,-1.0,41.0
143,Bulgaria,1/1/06,14.01868153,9.0,7.2615946970000005,2.0,40.0
144,Bulgaria,1/1/05,14.11591139,10.1,5.038839043,2.0,40.0
145,Bulgaria,1/1/04,12.4553683,12.0,6.147130678,3.0,41.0
146,Bulgaria,1/1/03,7.541233141,13.7,2.348641803,6.1,39.0
147,Bulgaria,1/1/02,9.94628403,18.1,5.8101422110000005,5.2,40.0
148,Bulgaria,1/1/01,10.17536467,19.9,7.360939693,4.7,39.0
149,Bulgaria,1/1/00,12.30665403,16.2,10.31626236,3.9,35.0
150,Bulgaria,1/1/99,-5.3556389719999995,14.1,2.573042596,10.0,33.0
151,Bulgaria,1/1/98,39.02658509,12.2,18.67220503,-14.4,29.0
152,Bahrain,1/1/12,6.855268022000001,1.2,2.758274472,2.9,51.0
153,Bahrain,1/1/11,11.91339847,4.0,-0.4015,-2.7,51.0
154,Bahrain,1/1/10,12.097945800000002,1.1,1.961847916,-0.2,49.0
155,Bahrain,1/1/09,-10.78408656,4.0,2.7955521880000003,24.1,51.0
156,Bahrain,1/1/08,18.31985391,3.7,3.525963767,-2.8,54.0
157,Bahrain,1/1/07,17.42924118,5.6,3.256715498,-0.2,50.0
158,Burundi,1/1/18,3.8,1.45,-2.8146961989999997,18.2,17.0
159,Burundi,1/1/17,3.6,1.49,16.05253589,3.0,22.0
160,Burundi,1/1/16,3.2,1.53,5.557688346,13.2,20.0
161,Burundi,1/1/15,-0.4,1.55,5.5446886289999995,-4.9,21.0
162,Burundi,1/1/14,4.2,1.57,4.405351962,9.8,20.0
163,Burundi,1/1/13,4.9,1.64,7.937959114,6.7,21.0
164,Burundi,1/1/12,4.4,1.68,18.16104198,0.0,19.0
165,Burundi,1/1/11,4.0,1.72,9.59217,4.5,1.9
166,Burundi,1/1/10,4.8,1.76,6.493267229,3.6,1.8
167,Burundi,1/1/09,3.8,1.76,10.55543887,3.3,1.8
168,Burundi,1/1/08,4.9,1.63,24.40694177,-6.2,1.9
169,Burundi,1/1/07,3.5,1.66,8.412069602,7.9,2.5
170,Burundi,1/1/06,5.2,1.74,2.74542242,13.8,2.4
171,Benin,1/1/17,5.7,2.46,1.7694310869999998,5.5,39.0
172,Benin,1/1/16,3.3,2.54,-0.794081116,4.6,36.0
173,Benin,1/1/15,1.8,2.58,0.21881818100000003,4.3,37.0
174,Benin,1/1/14,6.35,2.62,-0.5487663660000001,5.6,39.0
175,Benin,1/1/13,7.19,2.68,0.428892114,3.8,36.0
176,Benin,1/1/12,4.82,2.66,6.744709564,-2.5,36.0
177,Benin,1/1/11,2.96,2.65,2.7042,1.5,3.0
178,Benin,1/1/10,2.6,1.04,2.207790482,4.2,2.8
179,Benin,1/1/09,2.7,0.97,0.896145132,2.4,2.9
180,Benin,1/1/08,5.0,0.83,7.947305906,-1.4,3.1
181,Benin,1/1/07,4.62,0.8,1.298029107,4.3,2.7
182,Benin,1/1/06,3.75,0.8,3.782147906,2.6,2.5
183,Benin,1/1/05,2.89,0.79,5.364607353,3.6,2.9
184,Brunei,1/1/19,0.404294847,6.822610000000001,-0.39058452899999996,9.1,60.0
185,Brunei,1/1/18,9.274706378,8.69957,1.025137618,-3.4,63.0
186,Brunei,1/1/17,6.3481076960000005,9.31606,-1.260553106,0.5,62.0
187,Brunei,1/1/12,2.142685491,1.7,0.111745902,4.2,55.0
188,Brunei,1/1/11,24.68164794,1.7,0.1379,-12.2,52.0
189,Brunei,1/1/10,19.72097135,2.9,0.35686902600000003,-9.6,55.0
190,Brunei,1/1/09,-23.46614112,3.5,1.035763499,35.4,55.0
191,Bolivia,1/1/18,7.408974657999999,3.5,2.272059872,4.8,29.0
192,Bolivia,1/1/17,10.51089436,3.7,2.822758055,1.9,33.0
193,Bolivia,1/1/16,2.851279629,3.5,3.623214318,9.4,33.0
194,Bolivia,1/1/15,0.012153313999999998,3.1,4.059610411,13.3,34.0
195,Bolivia,1/1/14,7.621982213,2.0,5.766600746,7.5,35.0
196,Bolivia,1/1/13,13.19884646,2.4,5.736400237000001,4.8,34.0
197,Bolivia,1/1/12,12.58624626,2.0,4.515602914,3.8,34.0
198,Bolivia,1/1/11,20.56636662,2.2,9.884464198,-3.2,28.0
199,Bolivia,1/1/09,0.855869405,2.9,3.3464542010000002,15.1,27.0
200,Bolivia,1/1/08,17.16796664,2.6,14.00681077,3.2,30.0
201,Bolivia,1/1/07,12.27428626,5.2,8.705609236,5.1,29.0
202,Bolivia,1/1/06,19.11613651,5.1,4.282396048,-1.6,27.0
203,Bolivia,1/1/05,10.62489874,5.4,5.393231069,10.1,25.0
204,Bolivia,1/1/04,12.47352028,4.2,4.437380801000001,6.0,22.0
205,Bolivia,1/1/02,5.3764350610000005,5.5,0.928258852,17.3,22.0
206,Bolivia,1/1/01,3.585382375,5.2,1.589653779,17.9,20.0
207,Bolivia,1/1/00,7.833506295,4.5,4.608229989,27.9,27.0
208,Bolivia,1/1/99,2.848745703,3.9,2.159516268,32.2,25.0
211,Bolivia,1/1/95,16.64015809,3.7,10.19320676,35.5,0.0
212,Brazil,1/1/19,5.338076771,11.9,3.732976212,32.0,35.0
213,Brazil,1/1/18,4.645940499,12.3,3.664850284,34.7,35.0
216,Brazil,1/1/15,3.752132956,8.4,9.029901023999999,33.8,38.0
217,Brazil,1/1/14,8.390209428,6.7,6.329040155,22.4,43.0
218,Brazil,1/1/13,10.73488606,7.0,6.2043106660000005,18.5,42.0
219,Brazil,1/1/12,10.01692951,7.2,5.40349914,26.6,43.0
220,Brazil,1/1/11,12.62360561,6.9,6.636449622000001,32.8,38.0
221,Brazil,1/1/09,7.178469497999999,8.5,4.888034799,34.8,37.0
222,Brazil,1/1/08,14.31994481,7.3,5.678593902999999,35.4,35.0
223,Brazil,1/1/07,12.89974998,8.3,3.641272991,35.0,35.0
233,Bahamas,1/1/12,10720.5,14.0,1.973375659,1.4,71.0
234,Bahamas,1/1/11,10070.4,15.9,3.1988,6.0,73.0
235,Bhutan,1/1/15,10.43556597,2.4,4.548106165,10.9,65.0
236,Bhutan,1/1/14,13.09725152,2.6,8.271101534,6.6,65.0
237,Bhutan,1/1/13,8.114255062,2.9,7.006673298,7.7,63.0
238,Bhutan,1/1/12,14.76818706,2.1,10.9196226,4.4,63.0
239,Bhutan,1/1/11,17.17226729,3.2,8.849,5.1,57.0
240,Bhutan,1/1/10,18.49955879,3.3,7.036355969,7.6,57.0
241,Bhutan,1/1/09,11.82557983,4.0,4.361162619,8.6,50.0
242,Bhutan,1/1/07,21.85655183,3.7,5.156111023999999,10.7,50.0
243,Bhutan,1/1/06,12.7989866,3.1,5.000420866,8.1,60.0
244,Botswana,1/1/19,2.97,18.19,2.772863446,5.7,61.0
245,Botswana,1/1/18,4.48,17.35,3.2380203260000004,5.3,61.0
246,Botswana,1/1/17,2.9,17.51,3.308275112,4.2,61.0
247,Botswana,1/1/16,4.3,17.66,2.814959103,-4.2,60.0
248,Botswana,1/1/15,-1.7,17.75,3.062034187,6.0,63.0
249,Botswana,1/1/14,4.15,17.82,4.40225442,-2.6,63.0
250,Botswana,1/1/13,11.34,17.92,5.884602302999999,7.7,64.0
251,Botswana,1/1/12,4.46,17.89,7.536907428999999,10.8,65.0
252,Botswana,1/1/11,6.05,17.86,8.45987,-2.6,6.1
253,Botswana,1/1/10,8.56,17.86,6.948874802000001,2.3,5.8
254,Botswana,1/1/09,-7.65,16.17,8.027301142,6.9,5.6
255,Botswana,1/1/08,6.25,16.31,12.70217926,11.3,5.8
256,Botswana,1/1/07,8.28,16.97,7.081008231,10.8,5.4
257,Botswana,1/1/06,8.36,17.8,11.55522166,8.4,5.6
258,Botswana,1/1/05,4.56,19.8,8.610223367,0.2,5.9
259,Botswana,1/1/04,2.7,21.77,6.9457005810000005,5.2,6.0
260,Botswana,1/1/03,4.6,23.8,9.189899148,12.7,5.7
261,Botswana,1/1/02,6.1,21.14,8.032798589,14.8,6.4
262,Botswana,1/1/01,0.3,18.54,6.5590374460000005,6.9,6.0
263,Botswana,1/1/00,2.0,15.88,8.601475625,1.1,6.0
264,Botswana,1/1/99,9.7,18.35,7.749298712000001,0.5,6.1
265,Botswana,1/1/98,0.7,20.86,6.661398424,3.3,6.1
266,Belarus,1/1/17,11.37368482,0.5,6.0,1.0,44.0
267,Belarus,1/1/16,5.604716549,0.8,11.8,5.6,40.0
268,Belarus,1/1/15,11.57933052,1.0,13.5,1.8,32.0
269,Belarus,1/1/14,20.14410565,0.5,18.1,0.5,31.0
270,Belarus,1/1/13,22.47407722,0.5,18.3,-1.8,29.0
273,Belarus,1/1/10,19.9692029,0.7,7.7,-1.9,25.0
274,Belarus,1/1/09,9.477174037000001,0.9,12.9,2.2,24.0
275,Belarus,1/1/08,33.57731618,0.8,14.8,-10.4,20.0
276,Belarus,1/1/07,22.57976207,1.0,8.4,-3.8,21.0
277,Belarus,1/1/06,21.82347146,1.1,7.0,-1.7,21.0
278,Belarus,1/1/05,30.15554551,1.5,10.3,-6.4,26.0
279,Belarus,1/1/04,36.72110883,1.9,18.1,-4.7,33.0
280,Belarus,1/1/03,39.88974034,3.1,28.4,-5.1,42.0
285,Canada,1/1/17,5.705856187,6.3,1.5968290230000002,0.2,82.0
286,Canada,1/1/16,1.762975259,7.0,1.428794906,1.9,82.0
287,Canada,1/1/15,-0.22331979999999998,6.9,1.12522659,3.7,83.0
288,Canada,1/1/14,4.870445457,6.9,1.906645855,1.0,81.0
289,Canada,1/1/13,4.107037798,7.1,0.938241826,1.2,81.0
290,Canada,1/1/12,3.236470308,7.3,1.5157595659999998,1.5,84.0
291,Canada,1/1/11,6.485108574,7.5,2.9121,-0.2,87.0
292,Canada,1/1/10,6.046198556,8.1,1.776923304,-0.3,89.0
293,Canada,1/1/09,-5.176163681,8.3,0.299405476,4.8,87.0
294,Canada,1/1/08,5.0454010469999995,6.1,2.370298226,0.7,87.0
295,Canada,1/1/07,5.449981135,6.0,2.138346789,7.5,87.0
296,Canada,1/1/06,5.305399752,6.3,2.002062051,4.7,85.0
297,Canada,1/1/05,6.449095125,6.8,2.213524858,3.0,84.0
298,Canada,1/1/04,6.467319888,7.2,1.857231756,1.5,85.0
299,Canada,1/1/03,5.117062311000001,7.6,2.7586271160000004,3.4,87.0
300,Canada,1/1/02,4.291695345,7.7,2.258385721,3.3,90.0
301,Canada,1/1/01,3.458144765,7.2,2.525082305,3.7,89.0
302,Canada,1/1/00,9.749038785,6.8,2.719436444,2.5,92.0
303,Canada,1/1/99,7.165620216000001,7.6,1.734877091,3.3,92.0
304,Canada,1/1/98,3.694545857,8.3,0.99587319,5.7,92.0
305,Canada,1/1/97,5.469748186,9.1,1.62130021,3.8,91.0
306,Canada,1/1/96,3.383704898,9.6,1.5705378490000002,4.3,89.6
307,Canada,1/1/95,4.998815717,9.5,2.148785711,6.3,88.7
308,"Congo, Dem Rep",1/1/16,6.852964137000001,4.36,2.885851073,14.1,21.0
309,"Congo, Dem Rep",1/1/15,5.679430826,4.41,0.744198995,20.8,22.0
310,"Congo, Dem Rep",1/1/14,10.55898637,4.45,1.243038898,17.5,22.0
311,"Congo, Dem Rep",1/1/13,11.48829734,4.5,0.8082231009999999,16.1,22.0
312,"Congo, Dem Rep",1/1/12,13.4478872,4.49,9.721828063,21.2,21.0
313,"Congo, Dem Rep",1/1/11,21.61441965,4.22,15.31651591,26.3,2.0
314,"Congo, Dem Rep",1/1/10,29.37179123,3.98,7.1,29.6,2.0
315,"Congo, Dem Rep",1/1/09,36.44539858,3.69,2.8,24.7,1.9
316,"Congo, Dem Rep",1/1/08,27.96535505,3.26,17.30138457,18.8,1.7
317,"Congo, Dem Rep",1/1/07,27.79984396,3.08,16.94510065,22.2,1.9
318,"Congo, Dem Rep",1/1/06,19.35514024,2.96,13.05269497,29.2,2.0
319,Congo,1/1/15,2.62,9.91,3.169099595,20.766773999999998,23.0
320,Congo,1/1/14,0.47,9.96,0.9121058390000001,17.524738,23.0
321,Congo,1/1/13,-0.64,10.02,4.631665043,16.147234,22.0
322,Congo,1/1/12,3.83,10.0,5.010141549,21.244739000000003,26.0
323,Congo,1/1/11,14.8,11.9,1.7596,26.33035,2.2
324,Congo,1/1/10,8.71,13.97,0.391526955,29.582826,2.1
325,Congo,1/1/09,7.5,16.1,4.414967997,24.694770000000002,1.9
326,Congo,1/1/08,5.93,16.46,4.958791345,18.834342000000003,1.9
327,Congo,1/1/07,-11.85,17.42,2.654598394,22.224352,2.1
328,Congo,1/1/06,6.24,18.56,6.537941357999999,29.217333,2.2
329,Switzerland,1/1/19,1.328469645,4.4,0.362951156,2.2,85.0
330,Switzerland,1/1/18,2.987670968,4.7,0.9362257279999999,2.4,85.0
331,Switzerland,1/1/17,1.21500344,4.8,0.533837502,3.2,85.0
332,Switzerland,1/1/16,1.107575468,4.9,-0.43464620200000004,3.3,86.0
333,Switzerland,1/1/15,0.698702807,4.8,-1.143818657,3.3,86.0
334,Switzerland,1/1/14,1.8084794659999999,4.8,-0.013290254,3.3,86.0
335,Switzerland,1/1/13,1.87781533,4.7,-0.21730569100000002,2.7,85.0
336,Switzerland,1/1/12,0.830253417,4.5,-0.692498252,2.9,86.0
337,Switzerland,1/1/11,2.04087968,4.4,0.2313,2.4,88.0
338,Switzerland,1/1/10,3.329423034,4.8,0.688203873,2.4,87.0
339,Switzerland,1/1/09,-1.868307621,4.1,-0.48048018,2.4,90.0
340,Switzerland,1/1/08,4.225659431,3.3,2.426097327,1.3,90.0
341,Chile,1/1/18,6.403023108999999,7.2,2.434889803,1.8,67.0
342,Chile,1/1/17,6.027424517999999,7.0,2.1827185669999998,-0.2,67.0
343,Chile,1/1/16,6.257492881,6.7,3.786193644,1.1,66.0
344,Chile,1/1/15,7.371423077,6.5,4.3487738060000005,0.5,70.0
345,Chile,1/1/14,7.7774386589999995,6.7,4.718675341,2.1,73.0
346,Chile,1/1/13,6.1016049510000006,6.2,1.789554902,7.1,71.0
347,Chile,1/1/12,6.508897973,6.7,3.007448616,8.8,72.0
348,Chile,1/1/11,9.414052969,7.3,3.341217,5.7,72.0
349,Chile,1/1/10,15.33024338,8.4,1.41071122,-3.9,72.0
350,Chile,1/1/09,3.017713878,11.3,0.353044906,2.5,67.0
351,Chile,1/1/08,3.474205356,9.3,8.716269159,13.3,69.0
352,Chile,1/1/07,10.50519046,8.4,4.407798941999999,3.2,70.0
353,Chile,1/1/06,19.24769166,9.0,3.39201739,-3.7,73.0
354,Chile,1/1/05,13.82463728,9.3,3.052576457,-0.9,73.0
355,Chile,1/1/04,15.62493328,10.2,1.054738677,-2.5,74.0
356,Chile,1/1/03,8.857228475,9.8,2.8101785410000004,1.5,74.0
357,Chile,1/1/02,6.604434229,10.2,2.48939849,4.2,75.0
358,Chile,1/1/01,7.291475935,10.4,3.5691000010000002,7.7,75.0
359,Chile,1/1/00,9.82633585,10.5,3.843273188,10.1,74.0
360,Chile,1/1/99,1.857952836,11.2,3.336879385,10.1,69.0
361,Chile,1/1/98,5.41220239,7.3,5.110250192,18.9,68.0
362,Chile,1/1/97,10.71693622,7.1,6.133863227999999,12.2,60.5
363,Chile,1/1/96,10.40362928,7.4,7.359118519,13.5,68.0
364,Chile,1/1/95,21.65748709,4.7,8.23263073,5.8,79.4
365,China,1/1/19,7.786954392999999,5.2,2.899252955,2.7,41.0
366,China,1/1/18,10.48574947,3.8,2.074766496,0.8,39.0
367,China,1/1/17,11.47392313,3.9,1.5931500090000001,0.1,41.0
368,China,1/1/14,8.533396339,4.1,1.921679051,4.5,36.0
369,China,1/1/13,10.09751569,4.1,2.621056898,3.8,40.0
370,China,1/1/12,10.37827996,4.1,2.6195147690000002,3.6,39.0
371,China,1/1/11,18.39780374,4.1,5.5539,-1.4,36.0
372,China,1/1/10,18.24917357,4.1,3.175323764,-1.0,35.0
373,China,1/1/09,9.169489476,4.3,-0.728132717,5.5,36.0
374,China,1/1/08,18.19833442,4.2,5.925233177999999,-2.3,36.0
375,China,1/1/07,23.08338643,4.0,4.816787626,-0.3,35.0
376,China,1/1/06,17.14699905,4.1,1.6494180390000002,2.1,33.0
377,China,1/1/05,15.74315053,4.2,1.77636548,1.6,32.0
378,China,1/1/04,17.76871583,4.2,3.824684065,-1.3,34.0
379,China,1/1/03,12.90251634,4.3,1.12753442,2.6,34.0
380,China,1/1/02,9.790722107999999,4.0,-0.73192295,4.7,35.0
381,China,1/1/01,10.55341566,3.6,0.719155243,3.7,35.0
382,China,1/1/00,10.7280147,3.1,0.347753236,3.7,31.0
383,China,1/1/99,6.301822713,3.1,-1.4014563219999998,7.2,34.0
384,China,1/1/98,6.875076523,3.1,-0.773213376,7.3,35.0
385,China,1/1/97,11.00266064,3.1,2.786453335,6.9,28.8
386,China,1/1/96,17.07492465,3.0,8.31319739,3.4,24.3
387,China,1/1/95,26.116583,2.9,16.79132009,-1.4,21.6
388,Colombia,1/1/19,7.750186891,10.0,3.525493105,7.2,37.0
389,Colombia,1/1/18,7.111576573,9.1,3.240233918,7.3,36.0
390,Colombia,1/1/17,6.562882763999999,8.9,4.312141073,8.1,37.0
391,Colombia,1/1/16,7.3431822360000005,8.7,7.5142935060000005,9.0,37.0
392,Colombia,1/1/15,5.477629528,8.3,4.990233794,8.8,37.0
393,Colombia,1/1/14,6.835244148999999,8.6,2.897819232,8.4,37.0
394,Colombia,1/1/13,7.139609937,9.1,2.018098423,8.9,36.0
395,Colombia,1/1/12,7.670797369,9.7,3.1673248239999996,8.7,36.0
396,Colombia,1/1/11,13.77844355,10.1,3.41759,4.5,34.0
397,Colombia,1/1/10,8.470534757000001,11.0,2.27118321,5.4,35.0
398,Colombia,1/1/09,5.250192003,12.1,4.201044544,8.6,37.0
399,Colombia,1/1/08,11.21291184,11.3,6.998550937,8.8,38.0
400,Colombia,1/1/07,12.29075167,11.2,5.545140911,9.7,38.0
401,Colombia,1/1/05,9.8114777,11.9,5.0514207760000005,9.4,40.0
402,Colombia,1/1/04,13.00446125,13.7,5.901262121,7.3,38.0
403,Colombia,1/1/03,11.01486612,14.2,7.130740637000001,7.8,37.0
404,Colombia,1/1/02,8.621613365,15.6,6.351925689,9.8,36.0
405,Colombia,1/1/01,8.305719533,15.0,7.969703231,13.3,38.0
406,Colombia,1/1/00,37.58518993,20.5,9.222570213,-11.1,32.0
407,Colombia,1/1/99,7.888255234,20.1,10.8733973,15.1,29.0
408,Colombia,1/1/98,15.42700396,15.0,18.68125647,23.9,22.0
409,Colombia,1/1/97,20.84780302,12.1,18.46257173,14.9,22.3
410,Colombia,1/1/96,19.27102286,11.8,20.79708378,21.5,27.3
411,Colombia,1/1/95,25.03410414,8.7,20.89713245,20.1,34.4
412,Costa Rica,1/1/19,3.839860213,11.5,2.0962024759999998,6.9,56.0
413,Costa Rica,1/1/18,5.268925478,9.6,2.221215314,8.4,56.0
414,Costa Rica,1/1/17,6.593641508999999,8.1,1.625707676,8.5,59.0
415,Costa Rica,1/1/16,6.334529399,8.6,-0.01755243,9.4,58.0
416,Costa Rica,1/1/15,7.545813709,9.0,0.801946973,10.1,55.0
417,Costa Rica,1/1/14,9.516693926,9.1,4.519381118,8.6,54.0
418,Costa Rica,1/1/13,6.373333322000001,8.8,5.231240752,10.7,53.0
419,Costa Rica,1/1/12,9.361740526,9.8,4.4953779030000005,13.3,54.0
420,Costa Rica,1/1/11,9.051397303,10.1,4.878146,11.1,48.0
421,Costa Rica,1/1/10,11.84805471,7.2,5.66269189,9.9,53.0
422,Costa Rica,1/1/09,8.761371162,7.7,7.842546037000001,9.0,53.0
423,Costa Rica,1/1/08,16.598168599999997,4.8,13.42472964,4.0,51.0
424,Costa Rica,1/1/07,19.56368498,4.5,9.357220276,2.0,50.0
425,Costa Rica,1/1/06,21.21885056,5.7,11.47075052,8.1,41.0
426,Costa Rica,1/1/05,17.48116971,6.6,13.79779522,10.2,42.0
427,Costa Rica,1/1/04,18.36554114,6.4,12.31481514,8.8,49.0
428,Costa Rica,1/1/03,15.434305800000002,6.6,9.448253412,13.4,43.0
429,Costa Rica,1/1/02,13.47735799,6.3,9.16640343,15.1,45.0
430,Costa Rica,1/1/01,13.59013168,5.9,11.25579656,12.8,45.0
431,Costa Rica,1/1/00,13.60863107,5.1,10.96228219,14.1,54.0
432,Costa Rica,1/1/99,15.79394794,5.9,10.04512145,12.9,51.0
433,Costa Rica,1/1/98,19.95637571,5.3,11.65882903,9.2,56.0
434,Costa Rica,1/1/97,20.98335417,5.7,13.24842664,6.9,64.5
435,Cape Verde,1/1/17,3.7,12.2,0.784441521,8.7,55.0
436,Cape Verde,1/1/16,4.7,15.0,-1.407785536,9.9,59.0
437,Cape Verde,1/1/15,1.01,12.4,0.131173593,8.5,55.0
438,Cape Verde,1/1/14,0.6,15.8,-0.23882238600000003,11.1,57.0
439,Cape Verde,1/1/13,0.8,16.4,1.506610323,9.0,58.0
440,Cape Verde,1/1/12,1.1,16.8,2.540347398,9.3,60.0
441,Cape Verde,1/1/11,4.0,12.2,4.4739,6.9,5.5
442,Cape Verde,1/1/10,1.5,10.67,2.078627083,10.5,5.1
443,Cape Verde,1/1/09,-1.3,13.03,0.99111052,8.6,5.1
444,Cape Verde,1/1/08,6.7,13.02,6.77451738,6.2,5.1
445,Cape Verde,1/1/07,8.65,15.23,4.410997382,1.7,4.9
446,Czech Republic,1/1/19,6.180023277999999,2.0,2.8478511760000003,0.2,56.0
447,Czech Republic,1/1/18,5.474031788,2.2,2.149508601,1.0,59.0
448,Czech Republic,1/1/17,5.857331916000001,2.9,2.450483018,2.1,57.0
449,Czech Republic,1/1/16,3.747065516,4.0,0.6835645840000001,2.6,55.0
450,Czech Republic,1/1/15,6.537037392999999,5.0,0.309288068,3.1,56.0
451,Czech Republic,1/1/14,5.2624271369999995,6.1,0.344065801,2.1,51.0
452,Czech Republic,1/1/13,0.941301191,7.0,1.438235208,3.5,48.0
453,Czech Republic,1/1/12,0.648452868,7.0,3.287668814,3.9,49.0
454,Czech Republic,1/1/11,1.799158302,6.7,1.9172,5.7,44.0
455,Czech Republic,1/1/10,0.815563978,7.3,1.4727758690000001,7.4,46.0
456,Czech Republic,1/1/09,-2.328659927,6.7,1.019330793,3.3,49.0
457,Czech Republic,1/1/08,4.791520675,4.4,6.358677698999999,4.1,52.0
458,Czech Republic,1/1/07,9.317899862,5.3,2.8530707260000003,2.2,52.0
459,Czech Republic,1/1/06,7.59179903,7.1,2.533984411,4.9,48.0
460,Czech Republic,1/1/05,6.611941312000001,7.9,1.857171801,5.7,43.0
461,Czech Republic,1/1/04,8.968958667999999,8.2,2.7601137980000003,2.1,42.0
462,Czech Republic,1/1/03,4.8007118019999995,7.5,0.11868056099999999,4.7,39.0
463,Czech Republic,1/1/02,4.412825715,7.0,1.902978661,3.9,37.0
464,Czech Republic,1/1/01,7.939672009,8.0,4.662698413,2.2,39.0
465,Czech Republic,1/1/00,6.108408917999999,8.8,3.7753411939999997,5.3,43.0
466,Czech Republic,1/1/99,4.4739327310000006,8.5,2.135559469,5.5,46.0
467,Czech Republic,1/1/98,9.580926368,5.9,10.69836799,2.6,48.0
468,Czech Republic,1/1/97,7.720384834,4.3,8.596064074,4.5,52.0
469,Czech Republic,1/1/96,14.61725478,3.9,8.758823823,2.3,53.7
470,Czech Republic,1/1/95,15.89540501,4.0,8.99040617,3.4,0.0
471,Dominican Republic,1/1/17,9.043213324,5.8,3.2795574469999997,10.8,29.0
472,Dominican Republic,1/1/16,8.785642597999999,7.3,1.614166297,12.8,31.0
473,Dominican Republic,1/1/15,9.570131592000001,7.6,0.836746166,12.1,33.0
474,Dominican Republic,1/1/14,11.67642331,6.7,2.998641718,9.2,32.0
475,Dominican Republic,1/1/13,9.796811103,7.4,4.830951005,8.5,29.0
476,Dominican Republic,1/1/12,7.954085349,6.7,3.694549635,9.9,32.0
477,Dominican Republic,1/1/11,11.446753,6.1,8.459363,6.9,26.0
478,Dominican Republic,1/1/10,14.23702469,5.2,6.32993253,6.3,30.0
479,Dominican Republic,1/1/09,4.477400587,5.5,1.442150518,14.1,30.0
480,Dominican Republic,1/1/08,13.93471618,4.8,10.64462207,8.7,30.0
481,Dominican Republic,1/1/07,15.61890335,5.2,6.143566252,7.6,30.0
482,Dominican Republic,1/1/06,16.42489466,5.7,7.572805552999999,12.0,28.0
483,Dominican Republic,1/1/05,15.75456308,6.6,4.19020205,17.3,30.0
485,Dominican Republic,1/1/03,31.66552933,6.9,27.44971455,-1.6,33.0
486,Dominican Republic,1/1/02,11.72685705,6.8,5.223366576,17.9,35.0
487,Dominican Republic,1/1/01,8.648828003,7.3,8.883069642999999,17.2,31.0
488,Algeria,1/1/17,6.058511674,13.6,5.5911137,3.2,33.0
489,Algeria,1/1/16,4.798510596,10.2,6.397691591,6.4,34.0
490,Algeria,1/1/15,-2.994571003,11.2,4.784453657,15.5,36.0
491,Algeria,1/1/14,3.487997509,10.2,2.916921655,8.3,36.0
492,Algeria,1/1/13,2.7040830989999995,9.8,3.254241225,8.1,36.0
493,Algeria,1/1/12,11.10858409,11.0,8.891452037999999,0.5,34.0
494,Algeria,1/1/11,21.66027819,10.0,4.52421,-8.7,2.9
495,Algeria,1/1/10,20.30029559,10.0,3.91106709,-7.0,2.9
496,Algeria,1/1/09,-9.740194492,10.2,5.737058832000001,21.6,2.8
497,Algeria,1/1/08,18.07802456,11.3,4.858587435,-6.3,3.2
498,Algeria,1/1/07,10.01278601,13.8,3.678992287,1.5,3.0
499,Algeria,1/1/06,12.42598966,12.3,2.311500197,-2.3,3.1
500,Algeria,1/1/05,22.9767586,15.3,1.3824505669999998,-7.0,2.8
501,Algeria,1/1/04,17.07427217,17.7,3.961804645,-3.8,2.7
502,Algeria,1/1/03,16.1305384,23.7,4.2689462030000005,-0.2,2.6
503,Egypt,1/1/13,2.1,13.2,9.46971583,3.3,32.0
504,Egypt,1/1/12,2.2,12.7,7.111729413,-6.3,32.0
505,Egypt,1/1/11,1.8,12.0,10.06493,-0.6,2.9
506,Egypt,1/1/10,5.1,9.0,11.26518867,0.8,3.1
508,Ethiopia,1/1/07,30.64982957,2.27,17.24024399,-8.3,2.4
509,Ethiopia,1/1/06,23.63808105,2.37,12.29973887,-4.1,2.4
510,Ethiopia,1/1/05,22.86140236,2.5,9.969686519,-2.6,2.2
511,Ethiopia,1/1/04,18.0148337,2.72,3.3276565739999997,3.0,2.3
512,Ethiopia,1/1/03,10.33051847,2.94,13.67412032,-5.1,2.5
513,Ethiopia,1/1/02,2.1888316430000003,3.13,0.674840305,12.7,3.5
514,Fiji,1/1/05,5040.012939,7.686660000000001,2.365772118,0.0,40.0
515,Gambia,1/1/18,12.09025784,9.03,6.52096856,21.7,37.0
516,Gambia,1/1/17,8.933459235,9.14,8.034190596,24.1,30.0
517,Gambia,1/1/14,3.730991852,9.37,5.947994116,22.1,29.0
518,Gambia,1/1/13,8.976345216,9.44,5.699128931000001,20.8,28.0
519,Gambia,1/1/12,9.288276355,9.42,4.254327556000001,23.3,34.0
520,Gambia,1/1/11,-3.930054741,9.4,4.79588,22.4,3.5
521,Gambia,1/1/10,11.88615277,9.4,5.049685875,20.2,3.2
522,Gambia,1/1/09,11.47987411,9.31,4.561498897,21.5,2.9
523,Gambia,1/1/08,8.886637801000001,8.96,4.4436617819999995,23.9,1.9
524,Gambia,1/1/07,7.592428815,9.01,5.369136522000001,22.5,2.3
525,Gambia,1/1/06,0.740382616,9.17,2.056496155,28.1,2.5
526,Gambia,1/1/05,1.6653301619999998,9.35,4.8386276939999995,29.6,2.7
527,Guatemala,1/1/17,2.76,2.5,4.424538199,11.1,28.0
528,Guatemala,1/1/16,3.09,2.6,4.448443253,10.1,28.0
529,Guatemala,1/1/15,4.14,2.5,2.38871772,10.8,28.0
530,Guatemala,1/1/14,4.17,2.7,3.4183577830000003,10.6,32.0
531,Guatemala,1/1/13,3.7,3.0,4.343372197,11.7,29.0
532,Guatemala,1/1/12,2.97,2.8,3.781813567,9.8,33.0
533,Guatemala,1/1/11,4.16,4.1,6.214119999999999,6.1,27.0
534,Guatemala,1/1/10,2.87,3.5,3.8595129760000004,7.8,32.0
535,Guatemala,1/1/06,5.38,1.9,6.560858708,7.4,26.0
536,Guatemala,1/1/04,3.15,3.0,7.578615075,7.3,22.0
537,Guatemala,1/1/03,2.53,2.8,5.603487395,10.1,24.0
538,Guinea-Bissau,1/1/14,2.262360883,2.64,-1.5092392,5.5,19.0
539,Guinea-Bissau,1/1/13,2.295632699,2.68,1.20712135,6.3,19.0
540,Guinea-Bissau,1/1/12,-1.7421602790000001,2.67,2.130550301,5.9,25.0
541,Guinea-Bissau,1/1/11,17.21840069,2.66,5.0461,-7.7,2.2
542,Guinea-Bissau,1/1/10,11.13234592,2.66,2.517848614,2.1,2.1
543,Guinea-Bissau,1/1/09,8.165374677,2.61,-1.651390521,7.6,1.9
544,Guinea-Bissau,1/1/08,16.08374828,2.41,10.46006339,-6.7,1.9
545,Guinea-Bissau,1/1/07,7.729593485,2.44,4.617438842,0.4,2.2
546,Guyana,1/1/18,9.740924879,14.0,1.2828556,7.2,37.0
548,Hong Kong,1/1/17,6.7837866270000005,3.1,1.480651925,2.1,77.0
549,Hong Kong,1/1/16,3.842670581,3.4,2.411098765,3.3,77.0
550,Hong Kong,1/1/15,6.118349296,3.3,2.9953654519999997,1.3,75.0
551,Hong Kong,1/1/14,5.691423815,3.3,4.438562798,2.1,74.0
552,Hong Kong,1/1/13,4.970204594,3.4,4.323494431,3.1,75.0
553,Hong Kong,1/1/12,5.3053871169999995,3.3,4.063866044,1.4,77.0
554,Hong Kong,1/1/11,8.900250629,3.4,5.2766,1.1,84.0
555,Hong Kong,1/1/10,7.056643232000001,4.3,2.313722521,4.7,84.0
556,Hong Kong,1/1/09,-2.825321657,5.3,0.576465552,5.4,82.0
557,Hong Kong,1/1/08,3.4366678060000004,3.6,4.29653416,4.0,81.0
558,Hong Kong,1/1/07,9.805095417,4.0,2.030087209,4.3,83.0
559,Hong Kong,1/1/06,6.460192972000001,4.8,2.014115565,8.5,83.0
560,Hong Kong,1/1/05,7.227007272000001,5.6,0.8264965470000001,6.4,83.0
561,Hong Kong,1/1/04,4.79680807,6.7,-0.274741938,8.9,80.0
562,Hong Kong,1/1/03,-3.135027722,7.9,-2.673848236,11.7,80.0
563,Hong Kong,1/1/02,-1.801547449,7.3,-2.983107005,8.8,82.0
564,Hong Kong,1/1/01,-1.223101889,5.1,-1.658159274,8.8,79.0
565,Hong Kong,1/1/00,4.0091108019999995,4.9,-3.685524912,13.1,77.0
566,Hong Kong,1/1/99,-1.691647414,6.3,-4.00938825,13.1,77.0
567,Hong Kong,1/1/98,-4.734528066,4.6,2.9125992000000003,8.6,78.0
568,Hong Kong,1/1/97,11.15371881,2.2,5.7766735,3.0,72.8
569,Hong Kong,1/1/96,10.39270567,2.8,6.275511627,2.5,70.1
570,Hong Kong,1/1/95,6.611598594,3.2,9.077446502,4.6,71.2
571,Honduras,1/1/18,5.675345922000001,5.6,4.34735305,15.6,29.0
572,Honduras,1/1/17,9.574309987000001,5.5,3.93435788,14.1,29.0
573,Honduras,1/1/16,7.714226512000001,6.7,2.724615785,15.1,30.0
574,Honduras,1/1/15,11.03907427,6.1,3.1578288139999997,12.8,31.0
575,Honduras,1/1/14,10.11689613,7.1,6.129246853,12.9,29.0
576,Honduras,1/1/13,4.203947159,5.6,5.161898088,18.5,26.0
577,Honduras,1/1/12,7.85627342,3.8,5.1961891410000005,14.4,28.0
578,Honduras,1/1/11,11.94235614,4.5,6.7622800000000005,10.0,26.0
579,Honduras,1/1/10,8.581653377,4.1,4.698886003999999,13.6,24.0
580,Honduras,1/1/09,5.035994252,3.3,5.496342664,11.0,25.0
581,Honduras,1/1/08,12.35177713,3.2,11.40342901,9.4,26.0
582,Honduras,1/1/07,13.2238424,3.2,6.936223373,9.4,25.0
583,Honduras,1/1/06,12.26716677,3.6,5.577744702,11.5,25.0
584,Honduras,1/1/05,13.77019643,4.9,8.809070398,10.8,26.0
585,Honduras,1/1/04,13.08639399,6.0,8.113778552000001,12.6,23.0
586,Honduras,1/1/03,10.56867642,5.3,7.674180312000001,14.2,23.0
587,Honduras,1/1/02,9.078948146,4.0,7.690498691,16.7,27.0
588,Honduras,1/1/01,11.02769511,4.0,9.674151012000001,14.5,27.0
589,Honduras,1/1/99,6.784342272999999,3.9,11.66374119,21.0,18.0
590,Honduras,1/1/98,14.25899018,4.0,13.66809552,18.5,17.0
591,Croatia,1/1/14,0.040457837999999996,17.3,-0.21519616,8.4,48.0
592,Croatia,1/1/13,0.211794535,17.3,2.2165820640000002,8.4,48.0
593,Croatia,1/1/12,-0.8120882909999999,15.9,3.412073491,7.9,46.0
594,Croatia,1/1/11,1.335364815,13.7,2.272727273,7.9,40.0
595,Croatia,1/1/10,-0.588624759,11.6,1.030555053,9.4,41.0
596,Croatia,1/1/09,-4.604092463,9.2,2.378528459,8.3,41.0
597,Croatia,1/1/08,7.417802851,8.5,6.076968387999999,4.3,44.0
598,Croatia,1/1/07,9.626925232,9.9,2.8992827560000003,5.0,41.0
599,Croatia,1/1/06,9.047645501,11.1,3.189825915,5.9,34.0
600,Croatia,1/1/05,7.578697414,12.6,3.317178244,7.8,34.0
601,Croatia,1/1/04,7.920093906,13.7,2.0553967909999997,7.9,35.0
602,Croatia,1/1/03,10.17978539,13.9,1.7673378080000002,7.0,37.0
603,Croatia,1/1/02,9.170226631,15.1,1.671784374,8.6,38.0
604,Croatia,1/1/01,7.795574535,15.8,3.776702467,5.0,39.0
605,Croatia,1/1/00,7.784060523,16.1,4.611315547,7.4,37.0
606,Croatia,1/1/99,2.6923124389999997,13.6,4.019138756,11.0,27.0
607,Haiti,1/1/12,8.329062849,14.1,5.018041706,3.5,19.0
608,Haiti,1/1/07,11.65275086,16.8,6.557227214,13.9,16.0
609,Hungary,1/1/19,9.66885719,3.4,3.338585412,-2.6,44.0
610,Hungary,1/1/18,9.85338541,3.7,2.850248519,-2.9,46.0
611,Hungary,1/1/17,8.18716588,4.2,2.348241149,-2.1,45.0
612,Hungary,1/1/16,3.1942460360000005,5.1,0.39477700600000004,1.1,48.0
613,Hungary,1/1/15,6.395616006,6.8,-0.061649244000000006,0.4,51.0
614,Hungary,1/1/14,7.936134199,7.7,-0.22756789800000002,0.8,54.0
615,Hungary,1/1/13,5.000001733,10.2,1.733203442,3.2,54.0
616,Hungary,1/1/12,1.681814526,11.0,5.652145215,5.6,55.0
617,Hungary,1/1/11,4.040911112,11.0,3.9299199999999996,6.0,46.0
618,Hungary,1/1/10,3.063734643,11.2,4.855556752,5.1,47.0
619,Hungary,1/1/09,-2.7890319289999996,10.0,4.211716688,6.6,51.0
620,Hungary,1/1/08,5.898502916,7.8,6.042509268,5.1,51.0
621,Hungary,1/1/07,5.696055966,7.4,7.95873861,3.5,53.0
622,Hungary,1/1/06,7.837498038,7.5,3.930331021,4.3,52.0
623,Hungary,1/1/05,6.981691387000001,7.2,3.561518303,5.8,50.0
624,Hungary,1/1/04,10.15817497,5.8,6.744353703,7.4,48.0
625,Hungary,1/1/03,9.750864682000001,5.8,4.6610148460000005,3.9,48.0
626,Hungary,1/1/02,13.21643385,5.6,5.265435551,1.9,49.0
627,Hungary,1/1/01,15.57069876,5.7,9.116813547000001,1.0,53.0
628,Hungary,1/1/00,14.49193842,6.6,9.803606859,2.8,52.0
629,Hungary,1/1/99,11.44066669,6.9,9.99775036,7.6,52.0
630,Hungary,1/1/98,18.20416636,8.9,14.15378612,4.8,50.0
631,Hungary,1/1/97,24.04074243,9.0,18.30508828,1.3,51.8
632,Hungary,1/1/96,22.0307675,10.0,23.46903019,4.4,48.6
633,Hungary,1/1/95,28.62049626,10.2,28.30545433,4.6,41.2
634,Indonesia,1/1/19,6.70987329,3.6,3.03058665,8.6,40.0
635,Indonesia,1/1/18,9.186915472999999,4.4,3.198346416,6.5,38.0
636,Indonesia,1/1/17,9.580093613999999,3.9,3.80879807,6.5,37.0
637,Indonesia,1/1/16,7.594746006,4.3,3.5258051569999997,9.2,37.0
638,Indonesia,1/1/15,9.050654421,4.5,6.363121131000001,8.3,36.0
639,Indonesia,1/1/14,10.72236468,4.0,6.394925408,6.8,34.0
640,Indonesia,1/1/13,10.79922716,4.3,6.412513302000001,6.4,32.0
641,Indonesia,1/1/12,10.010290199999998,4.5,4.279499996,7.8,32.0
642,Indonesia,1/1/11,14.09635982,5.2,5.35604779,4.6,30.0
643,Indonesia,1/1/10,22.43817522,5.6,5.134204008,-1.7,28.0
644,Indonesia,1/1/09,13.28665125,6.1,4.38641555,5.7,28.0
645,Indonesia,1/1/08,25.25492709,7.2,10.22666455,-3.9,26.0
646,Indonesia,1/1/07,18.31796007,8.1,6.406562813,2.3,23.0
647,Indonesia,1/1/06,20.36331863,7.6,13.1086721,1.7,24.0
648,Indonesia,1/1/05,20.84020559,7.9,10.45319842,-0.2,22.0
649,Indonesia,1/1/04,14.01177728,7.3,6.064059885,5.1,20.0
650,Indonesia,1/1/03,10.53011763,6.7,6.757317194,10.9,19.0
651,Indonesia,1/1/02,10.66081848,6.6,11.90011757,12.3,19.0
652,Indonesia,1/1/01,18.46004148,6.1,11.50011488,3.7,19.0
653,Indonesia,1/1/00,26.37355333,6.1,3.68861916,-1.7,17.0
654,Indonesia,1/1/99,15.06435498,6.4,20.47783111,11.8,17.0
656,Indonesia,1/1/97,17.86209461,4.7,6.226141634,8.2,27.2
657,Indonesia,1/1/96,17.173042600000002,4.9,7.973280856000001,9.7,26.5
658,Israel,1/1/19,5.841071291,3.8,0.841596534,1.3,60.0
659,Israel,1/1/18,4.64489543,4.0,0.814852151,2.3,61.0
660,Israel,1/1/17,3.804578348,4.2,0.244210526,3.2,62.0
661,Israel,1/1/16,5.116810807,4.8,-0.54438861,2.3,64.0
662,Israel,1/1/15,5.213786729,5.3,-0.632490013,0.6,61.0
663,Israel,1/1/14,4.820803695,5.9,0.485030942,2.9,60.0
664,Israel,1/1/13,6.551791661,6.2,1.5713921690000001,2.2,61.0
665,Israel,1/1/12,5.996135422999999,6.9,1.68422871,1.8,60.0
666,Israel,1/1/11,6.933857949,7.1,3.467381591,3.8,58.0
667,Israel,1/1/10,7.241350016,8.5,2.7076640660000004,3.4,61.0
668,Israel,1/1/09,5.215697904,9.5,3.328907436,0.0,61.0
669,Israel,1/1/08,5.468452127000001,7.7,4.592798333999999,4.1,60.0
670,Israel,1/1/07,7.115380159,9.4,0.468407415,5.5,61.0
671,Israel,1/1/06,7.304119417000001,10.7,2.1168328919999997,6.3,59.0
672,Israel,1/1/05,5.338704368999999,11.3,1.309413342,5.3,63.0
673,Israel,1/1/04,5.014404988,13.0,-0.41071978600000003,6.6,64.0
674,Israel,1/1/03,0.758946624,13.5,0.7239631809999999,10.9,70.0
675,Israel,1/1/02,4.353081556,12.9,5.741469816,5.3,73.0
676,Israel,1/1/01,1.912452416,11.8,1.150442478,8.0,76.0
677,Israel,1/1/00,11.30258197,11.1,1.050748938,8.9,66.0
678,Israel,1/1/99,10.04416458,11.2,5.160456095,9.0,68.0
679,Israel,1/1/98,11.35827744,10.7,5.480471172000001,8.4,71.0
680,Israel,1/1/97,12.6887778,9.8,8.927606699,9.5,79.7
681,Israel,1/1/96,16.13853224,8.5,11.35509099,9.1,77.1
682,Israel,1/1/95,16.271007,8.8,9.991728701,10.2,0.0
683,India,1/1/18,10.953911699999999,5.3,4.860699648,4.7,41.0
684,India,1/1/12,13.82367609,2.7,9.312449682,2.5,36.0
685,India,1/1/10,19.91807466,2.4,11.98939416,-2.0,33.0
686,India,1/1/05,13.99078357,2.4,4.24633849,4.9,29.0
687,India,1/1/00,7.625963304,2.7,4.009425069,8.3,28.0
688,Iraq,1/1/16,-0.237958652,10.8,0.556521817,29.8,17.0
689,Iraq,1/1/14,0.004558322,10.6,2.235974072,13.4,16.0
690,Iraq,1/1/12,16.9782701,8.0,6.08909679,10.9,18.0
691,Iraq,1/1/07,16.60027002,8.6,-10.06749257,3.3,15.0
692,Iceland,1/1/19,6.394199382999999,3.5,3.013971225,2.5,78.0
693,Iceland,1/1/18,6.538978335,2.7,2.682917788,4.2,76.0
694,Iceland,1/1/17,5.033043727,2.7,1.760415619,6.8,77.0
695,Iceland,1/1/16,8.587316227999999,3.0,1.6969280130000002,6.3,78.0
696,Iceland,1/1/15,10.62845016,4.0,1.6330550119999998,1.9,79.0
697,Iceland,1/1/14,5.85000998,4.9,2.0446152680000003,3.9,79.0
698,Iceland,1/1/13,6.36534224,5.4,3.872279002,5.9,78.0
699,Iceland,1/1/12,4.7809106869999995,6.0,5.185899751,4.7,82.0
700,Iceland,1/1/11,5.080105833999999,7.0,4.001027,4.4,83.0
701,Iceland,1/1/10,2.768547432,7.6,5.396731055,3.6,85.0
702,Iceland,1/1/09,3.361039921,7.2,12.00312982,7.3,87.0
703,Iceland,1/1/08,14.26474823,2.9,12.69439474,7.2,89.0
704,Iceland,1/1/07,14.06106373,2.3,5.051556744,14.4,92.0
705,Iceland,1/1/06,14.1060699,2.8,6.687079376,8.8,96.0
706,Iceland,1/1/05,9.041140081,2.5,3.987047057,11.9,97.0
707,Iceland,1/1/04,10.91002539,4.0,3.158194734,9.1,95.0
708,Iceland,1/1/03,2.7697363939999997,4.0,2.055662657,11.4,96.0
709,Iceland,1/1/02,6.574893625,3.0,5.1970213339999995,9.0,94.0
710,Iceland,1/1/01,12.9372188,1.9,6.4050855360000005,8.5,92.0
711,Iceland,1/1/00,9.070783707999999,1.9,5.13647176,12.3,91.0
712,Iceland,1/1/99,7.671385327,2.2,3.23183323,9.5,92.0
713,Iceland,1/1/98,12.13001286,3.1,1.659240984,7.7,93.0
714,Italy,1/1/19,1.21709246,10.0,0.611251213,1.7,53.0
715,Italy,1/1/18,1.703070518,10.6,1.137488973,1.8,52.0
716,Italy,1/1/17,2.4063166430000003,11.2,1.226535446,2.3,50.0
717,Italy,1/1/16,2.4424851469999997,11.7,-0.09401974199999999,2.3,47.0
718,Italy,1/1/15,1.71742066,11.9,0.038787601,3.2,44.0
719,Italy,1/1/14,0.90865219,12.7,0.241047879,3.9,43.0
720,Italy,1/1/13,-0.714583546,12.1,1.219990412,4.0,43.0
721,Italy,1/1/12,-1.479727926,10.7,3.041370733,3.6,42.0
722,Italy,1/1/11,2.325878429,8.4,2.78063,2.9,39.0
723,Italy,1/1/10,2.157132524,8.4,1.525512194,3.6,39.0
724,Italy,1/1/09,-3.69075668,7.7,0.774768608,3.0,43.0
725,Italy,1/1/08,1.415595528,6.7,3.347834505,4.3,48.0
726,Italy,1/1/07,4.002932208,6.1,1.829746777,3.8,52.0
727,Italy,1/1/06,3.953542073,6.8,2.090840409,3.4,49.0
728,Italy,1/1/05,2.844850202,7.7,1.9852895019999999,3.2,50.0
729,Italy,1/1/04,4.1317904180000005,7.9,2.206743805,2.8,48.0
730,Italy,1/1/03,3.2907985280000003,8.9,2.672548594,2.6,53.0
731,Italy,1/1/02,3.536599841,9.2,2.465323701,3.2,52.0
732,Italy,1/1/01,5.044160234,9.6,2.785168023,4.1,55.0
733,Italy,1/1/00,5.647230416,10.8,2.5376791659999998,5.1,46.0
734,Italy,1/1/99,3.1868293110000003,11.7,1.6634609969999998,4.7,47.0
735,Italy,1/1/98,4.256739072,12.1,1.9550935919999999,6.1,46.0
736,Italy,1/1/97,4.444575329,12.0,2.0431031230000003,7.7,50.3
737,Italy,1/1/96,5.831509896,11.9,4.0069727319999995,8.0,34.2
738,Italy,1/1/95,7.954260069,11.7,5.235429148,7.9,29.9
739,Jamaica,1/1/19,8.344630001,7.7,3.909646579,5.0,43.0
740,Jamaica,1/1/18,6.881826329,9.1,3.740158084,8.8,44.0
741,Jamaica,1/1/17,7.6022362260000005,11.6,4.375784799,7.9,44.0
742,Jamaica,1/1/16,6.103648497999999,13.2,2.351451513,11.3,39.0
743,Jamaica,1/1/15,7.639779834,13.5,3.675887412,9.7,41.0
744,Jamaica,1/1/14,7.668789203999999,13.7,8.290005716,9.6,38.0
745,Jamaica,1/1/13,8.964741585,15.3,9.344402679,8.6,38.0
746,Jamaica,1/1/12,5.917940005,13.9,6.89824909,10.4,38.0
747,Jamaica,1/1/11,7.6268606089999995,12.7,7.529692,13.0,33.0
748,Jamaica,1/1/10,8.210138391000001,12.4,12.60950824,9.7,33.0
749,Jamaica,1/1/09,6.804692795,11.4,9.573787731,4.3,30.0
750,Jamaica,1/1/08,12.6251084,10.6,22.030457199999997,2.9,31.0
751,Jamaica,1/1/07,12.91487322,9.7,9.285651872,5.3,33.0
752,Jamaica,1/1/06,12.00383849,10.3,8.520885866,8.1,37.0
753,Jamaica,1/1/05,12.4650492,11.3,15.08207208,5.3,36.0
754,Jamaica,1/1/04,14.35253714,12.2,13.54229725,4.7,33.0
755,Jamaica,1/1/03,15.71654748,11.7,10.09993236,6.5,38.0
756,Jamaica,1/1/02,11.26257026,14.2,7.077467927000001,8.6,40.0
757,Jamaica,1/1/99,8.036192445,15.7,5.954237701,18.8,38.0
758,Jamaica,1/1/98,7.993638176,15.5,8.631897963,19.0,38.0
759,Jordan,1/1/19,3.581150352,16.9,0.761511355,7.0,48.0
760,Jordan,1/1/16,3.031337407,15.3,-0.7784297790000001,7.0,48.0
761,Jordan,1/1/15,4.718463133,13.1,-0.8768526440000001,6.1,53.0
762,Jordan,1/1/14,6.6473001389999995,11.9,2.8994820010000004,5.4,49.0
763,Jordan,1/1/13,8.586949934,12.6,4.824627355,3.2,45.0
764,Jordan,1/1/12,7.271102934,12.2,4.51522641,4.1,48.0
765,Jordan,1/1/11,9.138511303,12.9,4.16244,2.2,45.0
766,Jordan,1/1/10,10.93773871,12.5,4.845519563,0.5,47.0
767,Jordan,1/1/09,8.457410646,12.9,-0.7390680559999999,6.2,50.0
768,Jordan,1/1/08,28.53736774,12.7,13.97122341,-9.0,51.0
769,Jordan,1/1/07,13.63938273,13.1,4.7439169660000005,3.5,47.0
770,Jordan,1/1/06,19.6066754,14.0,6.251711931,-2.2,53.0
771,Jordan,1/1/05,10.31674252,14.8,3.4936847139999996,5.5,57.0
772,Jordan,1/1/03,6.399816526,14.5,1.629994657,7.0,46.0
773,Jordan,1/1/02,6.761734592000001,15.3,1.832991241,9.2,45.0
774,Jordan,1/1/01,6.08643187,14.7,1.7722063080000001,10.1,49.0
775,Jordan,1/1/00,3.816102077,13.7,0.666881369,12.3,46.0
776,Japan,1/1/17,1.9345434830000001,2.8,0.467243659,1.2,73.0
777,Japan,1/1/16,0.793759239,3.1,-0.116698729,0.8,72.0
778,Japan,1/1/15,3.394554328,3.4,0.789484437,-1.0,75.0
779,Japan,1/1/14,2.126573705,3.6,2.761984646,-0.5,76.0
780,Japan,1/1/13,1.6604263959999999,4.0,0.34640642200000005,1.6,74.0
781,Japan,1/1/12,0.722148681,4.3,-0.051938989000000005,2.2,74.0
782,Japan,1/1/11,-1.787814585,4.5,-0.2676,3.2,80.0
783,Japan,1/1/10,2.217135409,5.1,-0.719978714,3.6,78.0
784,Japan,1/1/09,-5.994576311,5.1,-1.352803201,2.3,77.0
785,Japan,1/1/08,-2.06370952,4.0,1.380010842,2.9,73.0
786,Japan,1/1/07,0.912637173,3.9,0.060105647000000005,2.6,75.0
787,Japan,1/1/06,0.524084736,4.1,0.249288388,2.6,76.0
788,Japan,1/1/05,0.607986634,4.4,-0.28294569399999997,2.7,73.0
789,Japan,1/1/04,1.079684215,4.7,-0.008540278,2.9,69.0
790,Japan,1/1/03,-0.11347202699999999,5.3,-0.256541562,3.5,70.0
791,Japan,1/1/02,-1.342013939,5.4,-0.9234607109999999,3.4,71.0
792,Japan,1/1/01,-0.7026690409999999,5.0,-0.740119483,3.1,71.0
793,Japan,1/1/00,1.357485917,4.7,-0.6765778109999999,3.5,64.0
794,Japan,1/1/99,-1.558147364,4.7,-0.341232429,3.5,60.0
795,Japan,1/1/98,-1.173020308,4.1,0.661941196,2.4,58.0
796,Japan,1/1/97,1.585296808,3.4,1.7477693669999999,1.9,65.7
797,Japan,1/1/96,2.588121123,3.4,0.136666195,3.2,70.5
798,Japan,1/1/95,2.194052411,3.2,-0.127898961,4.1,67.2
799,Kenya,1/1/18,6.3,2.64,4.689819398,10.4,27.0
800,Kenya,1/1/17,4.8,2.7,8.005723015,2.5,28.0
801,Kenya,1/1/16,5.9,2.76,6.297157422000001,10.4,26.0
802,Kenya,1/1/15,5.7,2.79,6.582174383,5.5,25.0
803,Kenya,1/1/14,5.4,2.82,6.878155317999999,7.8,25.0
804,Kenya,1/1/13,5.9,2.87,5.717493685,11.5,27.0
805,Kenya,1/1/12,4.5,2.85,9.377767162,9.5,27.0
806,Kenya,1/1/11,6.1,2.84,14.022494,3.8,2.2
807,Kenya,1/1/10,8.4,2.84,3.961388408,12.0,2.1
808,Kenya,1/1/09,2.7,2.79,9.234127047000001,2.8,2.2
809,Kenya,1/1/08,1.5,2.6,26.23981643,-1.0,2.1
810,Kenya,1/1/07,7.0,2.63,9.758879237999999,4.8,2.1
811,Kenya,1/1/06,6.4,2.71,14.45373471,-8.0,2.2
812,Kenya,1/1/05,5.8,2.82,10.312778199999999,7.6,2.1
813,Kenya,1/1/04,5.1,2.87,11.62403492,5.0,2.1
814,Kenya,1/1/03,3.0,2.9,9.815692395,9.8,1.9
815,Kenya,1/1/02,0.6,2.9,1.961308036,17.4,1.9
816,Kenya,1/1/01,4.5,2.86,5.738598365,17.8,2.0
817,Kenya,1/1/00,0.6,2.86,9.980024906,15.3,2.1
818,Kenya,1/1/99,1.4,2.88,5.742000236,17.5,2.0
819,Kenya,1/1/98,1.8,2.84,6.722435343,21.1,2.5
820,Kenya,1/1/96,4.6,2.85,8.86408681,-5.8,2.21
821,Kyrgyzstan,1/1/18,7.334907141,6.2,1.54268744,15.5,29.0
822,Kyrgyzstan,1/1/17,11.36698583,6.9,3.1753140330000003,12.7,29.0
823,Kyrgyzstan,1/1/16,10.64876394,7.2,0.388840795,17.4,28.0
824,Kyrgyzstan,1/1/15,7.435948628999999,7.6,6.503290613,19.5,28.0
825,Kyrgyzstan,1/1/14,12.77789599,8.0,7.534299636,10.8,27.0
826,Kyrgyzstan,1/1/13,14.43724428,8.3,6.613757276,17.6,24.0
827,Kyrgyzstan,1/1/12,8.560536048,8.4,2.76843487,13.2,24.0
828,Kyrgyzstan,1/1/11,29.77719673,8.5,16.6363,1.1,21.0
829,Kyrgyzstan,1/1/10,9.515020408,8.4,7.967691747999999,12.4,20.0
830,Kyrgyzstan,1/1/09,7.038069192999999,8.4,6.836621934,21.7,19.0
831,Kyrgyzstan,1/1/08,32.48410651,8.2,24.52012295,3.0,18.0
832,Kyrgyzstan,1/1/07,24.69031222,8.2,10.23011181,7.3,21.0
833,Kyrgyzstan,1/1/06,12.78592893,8.3,5.552129656,12.7,22.0
834,Kyrgyzstan,1/1/05,6.940595035,8.1,4.338614928,13.6,23.0
835,Kyrgyzstan,1/1/04,12.49448561,8.5,4.1106857130000005,17.6,22.0
836,Kyrgyzstan,1/1/03,11.28427902,9.9,2.974511398,19.5,21.0
837,Kyrgyzstan,1/1/99,42.60387228,7.196969999999999,37.03094961,16.0,22.0
839,Kuwait,1/1/14,46285.0,2.9,2.908982625,11.8,44.0
840,Kuwait,1/1/08,39619.8,2.5,10.5826975,-9.3,43.0
841,Kuwait,1/1/03,14253.5,1.8,0.961358212,0.5,53.0
842,Laos,1/1/10,18.50766086,0.7,5.982545099,12.3,21.0
843,Laos,1/1/05,16.36200511,1.4,7.1654119860000005,16.7,33.0
844,Lebanon,1/1/09,21.56902629,6.4,1.1950535290000002,-0.6,25.0
845,Sri Lanka,1/1/19,4.524810939,4.8,3.5283912,8.9,38.0
846,Sri Lanka,1/1/18,7.7880550589999995,4.4,2.135036841,6.9,38.0
847,Sri Lanka,1/1/17,11.10379113,4.0,7.7041396220000005,4.0,38.0
848,Sri Lanka,1/1/16,9.547056738,4.2,3.958887368,5.4,36.0
849,Sri Lanka,1/1/15,5.689232789,4.5,3.768368464,6.3,37.0
850,Sri Lanka,1/1/14,8.017264162,4.2,3.17899929,4.8,38.0
851,Sri Lanka,1/1/13,9.844439077999999,4.2,6.908455373,5.9,37.0
852,Sri Lanka,1/1/12,20.96321899,3.9,7.542910078999999,2.2,40.0
853,Sri Lanka,1/1/11,12.55814925,4.1,6.7167699999999995,5.4,33.0
854,Sri Lanka,1/1/10,32.64279952,4.8,6.2176520779999995,-10.2,32.0
855,Sri Lanka,1/1/09,9.626878564,5.9,3.464964829,9.2,31.0
856,Sri Lanka,1/1/08,23.24857601,5.2,22.56448773,2.2,32.0
857,Sri Lanka,1/1/07,21.77875781,6.0,15.84210664,2.7,32.0
858,Sri Lanka,1/1/06,19.81007688,6.5,10.02018492,1.4,31.0
859,Sri Lanka,1/1/05,17.31078547,7.7,11.63968151,0.3,32.0
860,Sri Lanka,1/1/04,14.7258004,8.4,7.575932196,0.6,35.0
861,Sri Lanka,1/1/03,15.20862768,8.2,6.3146376889999996,1.5,34.0
862,Sri Lanka,1/1/02,12.397843400000001,8.8,9.551029366,4.7,37.0
863,Liberia,1/1/17,2.47,3.0,12.41964422,15.8,31.0
864,Liberia,1/1/16,-1.63,3.08,8.834216743999999,8.3,37.0
865,Liberia,1/1/15,0.01,2.08,7.748673135,12.4,37.0
866,Liberia,1/1/14,0.69,2.13,9.861174717,11.5,37.0
867,Liberia,1/1/13,8.84,2.2,7.5773211,9.4,38.0
868,Liberia,1/1/12,8.42,2.22,6.83171073,8.0,41.0
869,Liberia,1/1/11,7.7,2.24,8.4882,2.5,3.2
870,Liberia,1/1/10,7.3,2.27,7.28992097,7.3,3.3
871,Liberia,1/1/09,7.8,2.23,7.427637501,17.4,3.1
872,Liberia,1/1/08,8.1,2.07,17.48939345,-2.5,2.4
873,Liberia,1/1/07,37.5,2.09,11.39203273,2.7,2.1
874,Liberia,1/1/05,5.28,2.24,10.83440262,16.5,2.2
875,Lesotho,1/1/19,-0.81,23.41,5.187087174,8.4,40.0
876,Lesotho,1/1/18,-0.5,23.97,4.751804336,4.2,41.0
877,Lesotho,1/1/17,-1.3,24.13,4.447701128,9.4,42.0
878,Lesotho,1/1/16,5.0,24.3,6.596504092999999,11.4,39.0
879,Lesotho,1/1/15,2.7,24.39,3.218439943,1.7,44.0
880,Lesotho,1/1/14,2.9,24.47,5.370292927,-2.2,49.0
881,Lesotho,1/1/13,4.2,24.58,4.865114335,1.7,49.0
882,Lesotho,1/1/12,6.7,25.3,6.051441292000001,7.9,45.0
883,Lesotho,1/1/11,5.4,26.04,5.036630000000001,1.5,3.5
890,Libya,1/1/13,-36.83,19.06,2.605806297,13.6,15.0
891,Libya,1/1/12,124.71,19.03,6.059808602,-2.7,21.0
892,Libya,1/1/11,-66.66,19.01,15.5185,-10.4,2.0
893,Libya,1/1/10,3.18,19.0,2.7998569030000002,-7.1,2.2
895,Libya,1/1/08,2.67,18.37,10.360720599999999,-13.0,2.6
896,Libya,1/1/07,6.35,18.45,6.250972622999999,-4.5,2.5
897,Libya,1/1/06,6.5,18.67,1.4592347819999998,-2.9,2.7
898,Libya,1/1/05,11.87,18.93,2.650315082,-17.5,2.5
899,Libya,1/1/04,4.46,19.05,-2.197673629,-13.5,2.5
900,Libya,1/1/03,13.02,19.14,-2.1911102959999997,-6.4,2.1
901,Morocco,1/1/16,2.558732729,9.3,1.635309405,3.5,37.0
902,Morocco,1/1/15,6.762008092,9.5,1.5579065490000001,3.8,36.0
903,Morocco,1/1/14,3.057389108,9.7,0.442311981,3.89,39.0
904,Morocco,1/1/13,5.902007475,9.2,1.8806579509999999,3.91,37.0
905,Morocco,1/1/12,3.3904133389999997,9.0,1.28712679,3.83,37.0
906,Morocco,1/1/11,4.518469993,8.9,0.9069200000000001,3.76,3.4
907,Morocco,1/1/10,4.8285665810000005,9.1,0.993554389,3.69,3.4
908,Morocco,1/1/09,4.396904147,9.0,0.9718632420000001,3.81,3.3
909,Morocco,1/1/08,10.722128699999999,9.6,3.714851155,3.91,3.5
910,Morocco,1/1/07,12.1567038,9.6,2.042077044,3.67,3.5
911,Morocco,1/1/06,10.46495832,9.7,3.284763718,3.67,3.2
912,Morocco,1/1/05,4.512868915,11.0,0.98264486,3.52,3.2
913,Morocco,1/1/04,19.21308271,10.8,1.49343814,3.61,3.2
914,Morocco,1/1/03,0.198253932,11.9,1.167736385,3.78,3.3
915,Morocco,1/1/02,29.4032192,11.6,2.795615732,4.54,3.7
916,Morocco,1/1/00,0.978517284,13.6,1.894624443,5.16,4.7
917,Morocco,1/1/99,1.34864784,13.9,0.684789373,6.39,4.1
918,Morocco,1/1/98,8.274109816000001,19.1,2.7531086730000003,7.26,3.7
919,Moldova,1/1/19,9.137412337999999,5.1,4.837783459,2.6,32.0
920,Moldova,1/1/18,7.61828723,4.1,3.0450539489999997,5.5,33.0
921,Moldova,1/1/17,11.23426262,4.1,6.570230024,3.9,31.0
922,Moldova,1/1/16,10.33313473,4.2,6.359309282000001,8.1,30.0
923,Moldova,1/1/15,9.193781946,3.7,9.676239993,4.2,33.0
924,Moldova,1/1/14,11.6693927,3.9,5.08878574,4.4,35.0
925,Moldova,1/1/13,13.32258819,5.1,4.59787947,8.1,35.0
926,Moldova,1/1/12,6.790704851,5.6,4.546333902,5.6,36.0
927,Moldova,1/1/11,14.48551139,6.7,7.687251,5.8,29.0
928,Moldova,1/1/10,42.76959381,7.4,7.483851196,-12.7,29.0
929,Moldova,1/1/09,-3.960776835,6.4,-0.062719384,18.0,33.0
930,Moldova,1/1/08,17.76530039,4.0,12.78304788,10.8,29.0
931,Moldova,1/1/07,19.38597667,5.1,12.36716736,2.5,28.0
932,Moldova,1/1/06,18.86221183,7.4,12.777755800000001,4.2,32.0
933,Moldova,1/1/05,17.54495505,7.3,11.95918268,9.1,29.0
934,Moldova,1/1/04,15.978131,8.2,12.5242778,12.0,23.0
935,Moldova,1/1/03,22.44711574,8.0,11.74607774,3.9,24.0
936,Moldova,1/1/02,18.39395576,6.8,5.301244014,12.5,21.0
937,Moldova,1/1/01,18.92667464,7.3,9.764664193,14.8,31.0
938,Moldova,1/1/00,30.01253901,8.5,31.29930213,5.1,26.0
939,Moldova,1/1/99,35.07346436,11.1,39.25597823,-3.0,26.0
940,Montenegro,1/1/18,8.467838543,15.2,2.611238532,6.36,45.0
941,Montenegro,1/1/17,8.721843301,16.1,2.380232017,6.81,46.0
942,Montenegro,1/1/16,8.200825829,17.7,-0.271378364,7.45,45.0
943,Montenegro,1/1/15,5.685209606,17.5,1.548668924,8.53,44.0
944,Montenegro,1/1/14,2.838381195,18.0,-0.7105299009999999,9.22,42.0
945,Montenegro,1/1/13,5.689176107000001,19.5,2.205898732,9.36,44.0
946,Montenegro,1/1/12,-2.551473606,20.0,4.145283572,9.47,41.0
947,Montenegro,1/1/11,4.469951265,19.7,3.4501,9.73,40.0
948,Montenegro,1/1/10,4.382258533,19.6,0.654961837,9.63,37.0
949,Montenegro,1/1/09,-3.5265343999999996,19.1,3.466759702,9.38,39.0
950,Montenegro,1/1/08,15.40275108,17.2,8.758637953,9.4,34.0
951,Montenegro,1/1/07,23.94417481,19.4,4.3471426410000005,9.09,33.0
961,Madagascar,1/1/10,0.4,4.28,9.247321461,32.5,2.6
962,Madagascar,1/1/09,-4.1,3.86,8.954218027000001,35.2,3.0
963,Madagascar,1/1/08,7.1,3.3,9.296508997,34.0,3.4
964,Madagascar,1/1/07,6.2,3.03,10.287965400000001,27.2,3.2
965,Madagascar,1/1/06,5.0,2.82,10.76563775,15.7,3.1
966,Madagascar,1/1/05,4.6,2.62,18.36382478,6.3,2.8
967,Madagascar,1/1/04,5.3,3.72,13.95580264,9.3,3.1
968,Madagascar,1/1/03,9.8,5.01,-1.704005007,26.4,2.6
969,Madagascar,1/1/02,-12.7,5.21,16.49852537,7.5,1.7
970,FYR Macedonia,1/1/19,6.001340318,17.3,0.7664398,3.2,35.0
971,FYR Macedonia,1/1/18,6.46280735,20.7,1.458313423,2.4,37.0
972,FYR Macedonia,1/1/17,3.919165427,22.4,1.351557567,3.7,35.0
973,FYR Macedonia,1/1/16,6.412155562000001,23.7,-0.239290715,3.4,37.0
988,Mali,1/1/17,7.342484871,9.1,1.75992334,3.1,31.0
989,Mali,1/1/16,7.282161157999999,10.05,-1.799686514,3.8,32.0
990,Mali,1/1/15,9.233307016,8.2,1.4507402230000002,2.2,35.0
991,Mali,1/1/14,8.442650521000001,8.2,0.8837594240000001,4.0,32.0
992,Mali,1/1/13,2.962659782,7.3,-0.606716767,4.6,28.0
993,Mali,1/1/11,15.78778196,10.5,2.9556,-6.2,2.8
994,Mali,1/1/10,10.01809748,8.2,1.1089631070000001,0.7,2.7
995,Mali,1/1/07,7.464294594,8.2,1.411933649,0.2,2.7
996,Mongolia,1/1/19,13.84216778,10.0,7.304813895,7.9,35.0
997,Mongolia,1/1/18,16.26803908,5.4,6.812435484,8.6,37.0
998,Mongolia,1/1/17,16.42840389,6.4,4.310761694,8.6,36.0
999,Mongolia,1/1/16,3.4231862680000003,7.2,0.7423052990000001,17.1,38.0
1000,Mongolia,1/1/15,4.154087682,4.9,5.726866086,17.5,39.0
1001,Mongolia,1/1/14,15.92141964,4.8,12.25398367,10.8,39.0
1002,Mongolia,1/1/13,14.89549734,4.2,10.49065281,15.1,38.0
1003,Mongolia,1/1/12,26.67921115,3.9,14.33034462,4.7,36.0
1004,Mongolia,1/1/11,35.02428164,4.8,8.41121,1.3,27.0
1005,Mongolia,1/1/10,48.03710466,6.5,10.046206199999999,-13.7,27.0
1006,Mongolia,1/1/09,0.5349312039999999,5.9,7.619507132000001,19.5,27.0
1007,Mongolia,1/1/08,32.25813971,5.6,27.95565472,-0.7,30.0
1008,Mongolia,1/1/07,23.06828153,7.2,9.630977900000001,9.1,30.0
1009,Macau,1/1/11,30.79124287,2.6,5.8045,-2.1,51.0
1010,Macau,1/1/10,31.25032805,2.8,2.809791605,0.4,50.0
1011,Macau,1/1/09,2.20970434,3.6,1.169302329,4.3,53.0
1012,Macau,1/1/08,13.82665454,3.0,8.609546833,-4.2,54.0
1013,Macau,1/1/07,24.54325745,3.2,5.570502775,-0.9,57.0
1014,Macau,1/1/06,22.15913783,3.8,5.149860993,0.9,66.0
1015,Mauritania,1/1/17,6.618093503,9.58,2.275028508,12.9,28.0
1016,Mauritania,1/1/16,5.239616613,9.69,1.486034742,5.2,27.0
1017,Mauritania,1/1/15,-3.751537515,9.76,3.2377164389999997,22.9,31.0
1018,Mauritania,1/1/14,-4.116051421,9.81,3.534401141,32.8,30.0
1019,Mauritania,1/1/13,9.286588902,9.89,4.129072993,12.0,30.0
1020,Mauritania,1/1/12,0.0,9.87,4.902432955,16.5,31.0
1021,Mauritania,1/1/11,29.65407754,9.85,5.6863,-0.5,2.4
1022,Mauritania,1/1/10,50.73047859,9.84,6.283592258,-4.4,2.3
1023,Mauritania,1/1/09,-7.025761124,9.75,2.2209015930000002,19.9,2.5
1024,Mauritania,1/1/08,16.39634728,9.4,7.346602227000001,8.7,2.8
1025,Mauritania,1/1/07,1.2,9.45,7.254103128,13.4,2.6
1026,Mauritania,1/1/06,52.56734007,9.61,6.241029757000001,8.7,3.1
1027,Malta,1/1/13,6.702647975,6.1,1.180257511,2.9,56.0
1028,Malta,1/1/12,4.810797289,6.2,2.375804901,2.7,57.0
1029,Malta,1/1/11,3.5804227589999997,6.4,2.963,2.5,56.0
1030,Malta,1/1/10,7.508226631,6.8,1.515628331,0.7,56.0
1031,Malta,1/1/09,0.161535073,6.9,2.084341582,1.7,52.0
1032,Malta,1/1/08,6.447242727000001,6.0,4.25858578,2.8,58.0
1033,Malta,1/1/07,6.895527376,6.5,1.2492862,3.3,58.0
1034,Malta,1/1/06,4.598134863,6.8,2.77373346,2.9,64.0
1035,Malta,1/1/05,6.11852206,6.9,3.007951563,3.2,66.0
1036,Malta,1/1/04,1.965091608,7.3,2.790839418,3.8,68.0
1037,Mauritius,1/1/18,3.8,6.4,3.216055765,7.0,51.0
1038,Mauritius,1/1/17,3.8,6.8,3.6669926580000003,7.1,50.0
1039,Mauritius,1/1/16,3.8,6.8,0.9776743790000001,6.2,54.0
1040,Mauritius,1/1/15,3.6,7.4,1.286552883,7.5,53.0
1041,Mauritius,1/1/14,3.7,7.5,3.217693618,6.9,54.0
1042,Mauritius,1/1/13,3.4,7.3,3.543292887,5.6,52.0
1043,Mauritius,1/1/12,3.5,7.5,3.85216305,6.1,57.0
1044,Mauritius,1/1/11,4.1,7.4,6.52249,5.6,5.1
1045,Mauritius,1/1/10,4.4,7.7,2.932368185,7.7,5.4
1046,Mauritius,1/1/09,3.3,7.3,2.5160826430000003,10.0,5.4
1047,Mauritius,1/1/08,5.4,7.2,9.732291298,5.5,5.5
1048,Mauritius,1/1/07,5.9,8.5,8.827291649,12.5,4.7
1049,Mauritius,1/1/06,4.5,9.0,8.913501878,9.0,5.1
1050,Mauritius,1/1/05,1.5,9.5,4.937172063,16.4,4.2
1051,Mauritius,1/1/04,4.3,8.3,4.710362339,13.2,4.1
1052,Mauritius,1/1/03,6.0,5.9,3.921052071,14.6,4.4
1053,Mauritius,1/1/02,1.6,8.2,6.41933581,13.9,4.5
1054,Mauritius,1/1/01,3.2,9.1,5.389337437000001,14.0,4.5
1055,Maldives,1/1/16,67300.32084,6.1,0.50246982,10.5,36.0
1056,Maldives,1/1/09,30019.77445,11.7,4.5301488889999995,1.5,25.0
1057,Malawi,1/1/18,4.0,5.62,12.42017784,24.0,32.0
1058,Malawi,1/1/17,5.1,5.71,11.54339425,22.1,31.0
1059,Malawi,1/1/16,2.7,5.8,21.71111288,20.6,31.0
1060,Malawi,1/1/15,3.3,5.85,21.86734763,19.8,31.0
1061,Malawi,1/1/14,6.2,5.89,23.79206522,19.4,33.0
1062,Malawi,1/1/13,6.3,5.95,27.28333353,14.7,37.0
1063,Malawi,1/1/12,2.1,5.93,21.27126418,12.5,37.0
1064,Malawi,1/1/11,3.49,5.91,7.6228229999999995,8.5,3.0
1065,Malawi,1/1/10,3.4,5.91,7.41159097,11.1,3.4
1066,Malawi,1/1/09,9.5,5.84,8.422043639,16.1,3.3
1067,Malawi,1/1/08,8.6,5.57,8.712602515,11.9,2.8
1068,Mexico,1/1/19,3.18253316,3.5,3.635961225,5.0,29.0
1069,Mexico,1/1/18,7.208929542999999,3.3,4.899350759,3.0,28.0
1070,Mexico,1/1/17,8.916314263,3.4,6.041456426,0.6,29.0
1071,Mexico,1/1/16,8.444842935,3.9,2.821708361,-0.6,30.0
1072,Mexico,1/1/15,6.167034307000001,4.3,2.720640706,0.6,35.0
1073,Mexico,1/1/14,7.351727253,4.8,4.018616156,-0.8,35.0
1074,Mexico,1/1/13,2.904536779,4.9,3.80639022,2.7,34.0
1075,Mexico,1/1/12,7.856343731,4.9,4.111510302,0.6,34.0
1076,Mexico,1/1/11,9.719906004,5.2,3.407378,-0.9,30.0
1077,Mexico,1/1/10,9.89589635,5.3,4.1567272939999995,0.7,31.0
1078,Mexico,1/1/09,-1.546745126,5.4,5.297355432,3.0,33.0
1079,Mexico,1/1/08,7.386684832,3.9,5.12498337,2.4,36.0
1080,Mexico,1/1/07,8.213160353,3.6,3.9668491739999996,1.7,35.0
1081,Mexico,1/1/06,11.17150071,3.6,3.6294676619999997,1.1,33.0
1082,Mexico,1/1/05,8.31728752,3.6,3.988056493,3.6,35.0
1083,Mexico,1/1/04,12.19444679,3.9,4.688409481,-0.5,36.0
1084,Mexico,1/1/03,5.544264799,3.5,4.546900265,2.9,36.0
1085,Mexico,1/1/02,5.461328256,3.0,5.03072668,2.6,36.0
1086,Mexico,1/1/01,5.612669437999999,2.6,6.367738018,6.4,37.0
1087,Mexico,1/1/00,16.64585158,2.6,9.491561137,5.2,33.0
1088,Mexico,1/1/99,19.29977266,2.6,16.5856177,6.6,34.0
1089,Mexico,1/1/98,21.39038798,3.7,15.92839387,9.5,33.0
1090,Mexico,1/1/97,26.87515775,4.2,20.62562949,2.9,26.6
1091,Mexico,1/1/96,35.11676286,5.5,34.37838309,7.8,33.0
1092,Mexico,1/1/95,29.75352562,7.1,34.99927166,15.1,31.8
1093,Malaysia,1/1/19,4.412909129,3.3,0.662919598,4.8,53.0
1094,Malaysia,1/1/18,5.48726787,3.3,0.884661273,4.2,47.0
1095,Malaysia,1/1/17,9.758357619,3.4,3.871208667,0.8,47.0
1096,Malaysia,1/1/16,6.181873177999999,3.4,2.0906201380000002,2.8,49.0
1097,Malaysia,1/1/15,6.371588957,3.1,2.104378857,3.3,50.0
1098,Malaysia,1/1/14,8.622402597999999,2.9,3.142985729,2.1,52.0
1099,Malaysia,1/1/13,4.876386355,3.2,2.104949047,4.5,50.0
1100,Malaysia,1/1/12,6.528117333,3.1,1.663589356,3.7,49.0
1101,Malaysia,1/1/11,10.99284909,3.1,3.1745,-0.5,43.0
1102,Malaysia,1/1/10,15.23124554,3.4,1.622814728,-2.1,44.0
1103,Malaysia,1/1/09,-7.41503658,3.7,0.583344577,11.8,45.0
1104,Malaysia,1/1/08,15.72263805,3.3,5.440797032000001,-3.9,51.0
1105,Malaysia,1/1/07,11.48757339,3.2,2.027369544,1.5,51.0
1106,Malaysia,1/1/06,9.788107686,3.3,3.609212898,2.4,50.0
1107,Malaysia,1/1/05,14.66729108,3.5,2.9750061010000004,-2.7,51.0
1108,Malaysia,1/1/04,13.20035628,3.5,1.4213080790000001,0.0,50.0
1109,Malaysia,1/1/03,9.278390868999999,3.6,1.0896550729999999,2.9,52.0
1110,Malaysia,1/1/02,8.688549233,3.5,1.8078596519999999,3.3,49.0
1111,Malaysia,1/1/01,-1.072387563,3.5,1.416803176,8.8,50.0
1112,Malaysia,1/1/00,18.49855701,3.0,1.5347619609999998,-1.1,48.0
1113,Malaysia,1/1/99,6.185854549,3.4,2.7446173939999996,8.5,51.0
1114,Malaysia,1/1/98,0.51384872,3.2,5.270350629,3.4,53.0
1115,Malaysia,1/1/97,11.060094900000001,2.4,2.662490321,6.9,50.1
1116,Malaysia,1/1/96,14.05069379,2.5,3.488594506,6.0,53.2
1117,Malaysia,1/1/95,13.81963665,3.1,3.4505192719999997,4.9,52.8
1118,Namibia,1/1/18,0.7,19.88,4.288573778,5.867000000000001,53.0
1119,Namibia,1/1/17,-0.26,21.57,6.143968622999999,5.901,51.0
1120,Namibia,1/1/16,-0.28,23.35,6.727755677,5.647,52.0
1121,Namibia,1/1/15,4.53,20.88,3.395646475,4.713,53.0
1122,Namibia,1/1/14,5.76,18.52,5.349554295,4.248,49.0
1123,Namibia,1/1/13,4.93,19.03,5.600901627000001,3.978,48.0
1124,Namibia,1/1/12,5.06,16.77,6.722022445,4.209,48.0
1125,Namibia,1/1/11,5.09,19.34,5.0056,4.283,4.4
1126,Namibia,1/1/10,6.04,22.1,4.874899976,4.997,4.4
1127,Namibia,1/1/09,0.3,21.95,9.451706659,6.242000000000001,4.5
1128,Namibia,1/1/08,2.65,21.38,9.094734206,8.384,4.5
1129,Namibia,1/1/07,5.37,21.46,6.547774712000001,7.547000000000001,4.5
1130,Namibia,1/1/06,7.07,21.7,4.9612772210000005,6.297999999999999,4.1
1131,Namibia,1/1/05,2.53,21.97,2.281842663,6.24,4.3
1132,Namibia,1/1/04,12.27,22.09,4.1367088910000005,6.352,4.1
1133,Namibia,1/1/03,4.24,21.74,7.136087961,8.755,4.7
1134,Niger,1/1/17,5.0,0.49,2.7963999889999998,3.8,33.0
1135,Niger,1/1/16,5.7,0.51,1.6538609919999998,4.3,35.0
1136,Niger,1/1/15,4.3,0.52,-0.576036976,2.5,34.0
1137,Niger,1/1/14,7.53,0.52,-0.93036446,5.5,35.0
1138,Niger,1/1/13,5.27,0.46,2.297243327,5.9,34.0
1139,Niger,1/1/12,11.85,0.38,0.455108876,-0.3,33.0
1140,Niger,1/1/11,2.28,0.32,2.9424,1.2,2.5
1141,Niger,1/1/10,8.4,0.58,0.804114421,1.7,2.6
1142,Niger,1/1/09,-0.7,0.91,0.582900898,0.6,2.9
1143,Niger,1/1/08,9.6,1.2,11.30504458,-4.5,2.8
1144,Niger,1/1/07,3.1,1.67,0.053973365999999995,-1.9,2.6
1145,Niger,1/1/06,5.8,2.3,0.040439914,3.1,2.3
1146,Niger,1/1/05,7.4,3.1,7.797590925,1.7,2.4
1147,Nigeria,1/1/19,2.27,8.5,11.39679492,4.5,26.0
1148,Nigeria,1/1/17,0.82,8.4,16.5235397,5.8,27.0
1149,Nigeria,1/1/16,-1.58,7.1,15.67534089,6.7,28.0
1150,Nigeria,1/1/15,2.79,4.3,9.009386595,13.6,26.0
1151,Nigeria,1/1/14,6.22,4.6,8.062486466000001,11.4,27.0
1152,Nigeria,1/1/13,5.49,3.7,8.475827172,11.2,25.0
1153,Nigeria,1/1/11,5.31,3.8,10.840028,5.7,2.4
1154,Nicaragua,1/1/14,13.58008323,4.5,6.03596556,4.7,28.0
1155,Nicaragua,1/1/13,9.490993697,5.3,7.135502036,10.2,28.0
1156,Nicaragua,1/1/12,13.1453,5.2,7.193493113,5.4,29.0
1157,Nicaragua,1/1/10,10.81929724,7.8,5.455086152000001,6.8,25.0
1158,Nicaragua,1/1/09,2.54492655,8.2,3.687055178,7.6,25.0
1159,Nicaragua,1/1/08,20.1913107,6.2,19.82623871,-2.6,25.0
1160,Nicaragua,1/1/07,15.24091621,4.9,11.12694923,3.1,26.0
1161,Nicaragua,1/1/06,12.34788173,5.3,9.140113016,3.4,26.0
1162,Nicaragua,1/1/05,14.57204076,5.4,9.599147300000002,2.0,26.0
1163,Nicaragua,1/1/04,14.84387235,6.4,8.470170401,4.1,27.0
1164,Nicaragua,1/1/03,7.98619231,7.6,5.3023159589999995,9.7,26.0
1165,Netherlands,1/1/13,1.1481455390000002,7.2,2.506911985,0.2,83.0
1166,Netherlands,1/1/12,0.40085552700000004,5.8,2.455513963,0.2,84.0
1167,Netherlands,1/1/11,1.74784531,5.0,2.3411,1.8,89.0
1168,Netherlands,1/1/10,2.295780373,5.0,1.275258049,0.8,88.0
1169,Netherlands,1/1/09,-3.4542751989999996,4.3,1.1897954290000001,1.8,89.0
1170,Netherlands,1/1/08,4.526705105,3.7,2.486548482,2.2,89.0
1171,Netherlands,1/1/07,5.92322931,4.2,1.613872344,2.5,90.0
1172,Netherlands,1/1/06,6.110734947,5.0,1.1014325740000002,1.0,87.0
1173,Netherlands,1/1/05,4.080402656,5.9,1.688159077,0.8,86.0
1174,Netherlands,1/1/04,3.212885864,4.6,1.26361893,1.5,87.0
1175,Netherlands,1/1/03,2.329303165,3.6,2.09201319,0.8,89.0
1176,Netherlands,1/1/02,3.9960073130000002,2.6,3.287519727,0.2,90.0
1177,Netherlands,1/1/01,6.609189681,2.1,4.1558314769999996,0.8,88.0
1178,Netherlands,1/1/00,7.759518808999999,2.7,2.360547455,1.3,89.0
1179,Netherlands,1/1/99,6.382023612,3.6,2.157152482,2.1,90.0
1180,New Zealand,1/1/17,6.921904818,4.7,1.850785989,1.1,89.0
1181,New Zealand,1/1/16,6.24950881,5.1,0.6462467470000001,2.5,90.0
1182,New Zealand,1/1/15,5.0727091060000005,5.4,0.292701935,4.3,88.0
1183,New Zealand,1/1/14,4.0731526,5.8,1.227503251,5.3,91.0
1184,New Zealand,1/1/13,6.977567344,6.3,1.134428055,1.2,91.0
1185,New Zealand,1/1/12,1.986854319,6.9,1.059907865,6.1,90.0
1186,New Zealand,1/1/11,4.825464535,6.5,4.027909999999999,3.6,95.0
1187,New Zealand,1/1/10,4.735899363,6.6,2.3020205259999997,3.0,93.0
1188,New Zealand,1/1/09,2.452117786,6.1,2.115653054,4.0,94.0
1189,New Zealand,1/1/08,1.4878085330000002,4.2,3.9589501260000004,6.2,93.0
1190,New Zealand,1/1/07,8.56419076,3.7,2.376140818,3.1,94.0
1191,New Zealand,1/1/06,5.631010759,3.9,3.3654010810000003,5.3,96.0
1192,New Zealand,1/1/05,5.420583725,3.8,3.0370297039999996,5.6,96.0
1193,New Zealand,1/1/04,6.9597652629999995,4.0,2.290251831,4.2,96.0
1194,New Zealand,1/1/03,6.8951997689999995,4.8,1.7535748880000002,4.6,95.0
1195,New Zealand,1/1/02,5.0259494060000005,5.3,2.677082768,6.8,95.0
1196,New Zealand,1/1/01,7.404100502,5.4,2.625816676,3.6,94.0
1197,New Zealand,1/1/00,5.837727084,6.1,2.61523236,4.8,94.0
1198,New Zealand,1/1/99,5.993859173,7.0,-0.11426803599999999,6.5,94.0
1199,New Zealand,1/1/98,1.9186185180000002,7.7,1.26524911,7.8,94.0
1200,Oman,1/1/16,-4.267696835,3.3,1.1091632329999999,15.0,45.0
1201,Oman,1/1/08,44.71875811,4.1,12.375302699999999,-20.1,55.0
1202,Papua New Guinea,1/1/17,72522.0,2.5,5.4220427870000005,0.6,29.0
1203,Papua New Guinea,1/1/16,65038.0,2.5,6.673728225,4.3,28.0
1204,Philippines,1/1/19,6.850341986,2.2,2.480283063,6.3,34.0
1205,Philippines,1/1/18,10.31935257,2.3,5.211604395,2.3,36.0
1206,Philippines,1/1/17,9.412065112999999,2.6,2.8531877710000004,3.2,34.0
1207,Philippines,1/1/16,8.521304414,2.7,1.253700311,4.3,35.0
1208,Philippines,1/1/15,5.582938486000001,3.1,0.674187682,6.3,35.0
1209,Philippines,1/1/14,9.59485061,3.6,3.597825771,2.4,38.0
1210,Philippines,1/1/13,8.950727831,3.5,2.582682575,3.6,36.0
1211,Philippines,1/1/12,9.028665156,3.5,3.026965075,3.6,34.0
1212,Philippines,1/1/11,7.928234487999999,3.6,4.71842,2.6,26.0
1213,Philippines,1/1/10,12.02596675,3.6,3.78983389,3.2,24.0
1214,Philippines,1/1/09,4.226241269,3.9,4.219036123,5.7,24.0
1215,Philippines,1/1/08,11.83560315,3.7,8.260444885,1.5,23.0
1216,Philippines,1/1/07,9.889870982,3.4,2.900001265,5.4,25.0
1217,Philippines,1/1/06,10.69975654,4.1,5.485228581,4.4,25.0
1218,Philippines,1/1/05,11.14554428,3.8,6.516856732000001,4.0,25.0
1219,Philippines,1/1/04,12.84696589,3.6,4.829211472,4.0,26.0
1220,Philippines,1/1/03,8.441421722000001,3.5,2.289151501,6.1,25.0
1221,Philippines,1/1/02,8.10458675,11.5,2.72277811,4.7,26.0
1222,Philippines,1/1/01,8.839424807,3.7,5.345502734,6.4,29.0
1223,Philippines,1/1/00,13.97445525,11.2,3.977128493,1.6,28.0
1224,Philippines,1/1/99,9.869921788,9.8,5.939041871000001,4.9,36.0
1225,Philippines,1/1/98,21.6759253,10.3,9.234936482,-4.6,33.0
1226,Philippines,1/1/97,11.73251157,8.8,5.590251302,9.5,30.5
1227,Philippines,1/1/96,13.95476589,8.6,7.476110222000001,6.7,26.9
1228,Philippines,1/1/95,12.58284444,9.5,6.831996922999999,6.6,27.7
1229,Paraguay,1/1/17,7.210239587999999,5.3,3.602477438,15.6,29.0
1230,Paraguay,1/1/16,8.615254017,6.0,4.086822425,13.4,30.0
1231,Paraguay,1/1/15,4.734608238,5.3,3.1290023889999996,17.8,27.0
1232,Paraguay,1/1/14,7.801970171000001,6.4,5.028828116000001,17.9,24.0
1233,Paraguay,1/1/13,13.19909921,5.0,2.683857739,14.2,24.0
1234,Paraguay,1/1/12,4.217321897,4.9,3.675918836,11.8,25.0
1235,Paraguay,1/1/11,9.556052903,5.6,8.253967999999999,11.7,22.0
1236,Paraguay,1/1/10,16.24637846,5.7,4.651162304,20.5,22.0
1237,Paraguay,1/1/09,3.474977505,6.4,2.5919467519999997,23.6,21.0
1238,Paraguay,1/1/08,19.32842932,5.7,10.154785400000002,12.1,24.0
1239,Paraguay,1/1/07,18.74217798,5.5,8.130474085,11.0,24.0
1240,Paraguay,1/1/06,14.0886601,6.5,9.589349933,19.6,26.0
1241,Paraguay,1/1/05,15.36266208,5.7,6.807381089,15.0,21.0
1242,Paraguay,1/1/04,16.37261926,7.3,4.323264462,19.4,19.0
1243,Paraguay,1/1/03,20.11941786,8.1,14.2367975,30.3,16.0
1244,Paraguay,1/1/02,17.92413786,10.8,10.51024279,17.6,17.0
1245,Qatar,1/1/18,7.36,0.1,0.255828647,-7.1,62.0
1246,Qatar,1/1/17,7.12,0.1,0.39487674100000003,-3.3,63.0
1247,Qatar,1/1/16,7.17,0.2,2.676547314,13.3,61.0
1249,Qatar,1/1/14,4.13,0.2,3.349741888,5.2,69.0
1250,Qatar,1/1/13,2.96,0.3,3.221972147,3.2,68.0
1251,Qatar,1/1/12,5.8,0.5,2.315342145,-0.9,68.0
1252,Qatar,1/1/11,36.12,0.6,1.1384,-10.8,72.0
1253,Qatar,1/1/10,30.2,0.5,-2.425221129,0.3,77.0
1255,Qatar,1/1/08,44.61,0.3,15.05020687,-13.1,65.0
1256,Qatar,1/1/07,30.93,0.5,13.75811733,-3.2,60.0
1257,Qatar,1/1/06,36.72,0.9,11.83584791,-1.1,60.0
1258,Qatar,1/1/04,34.84,1.5,6.799315963,-6.1,52.0
1259,Romania,1/1/19,11.27748434,3.9,3.8278538839999996,0.2,44.0
1260,Romania,1/1/18,11.01545328,4.2,4.625484226,0.5,47.0
1261,Romania,1/1/17,12.12338365,4.9,1.3390215909999998,0.8,48.0
1262,Romania,1/1/16,7.374193047,5.9,-1.544796759,3.2,48.0
1263,Romania,1/1/15,6.580668782999999,6.8,-0.59415636,4.1,46.0
1264,Romania,1/1/14,5.213661172,6.8,1.068309659,6.6,43.0
1265,Romania,1/1/13,7.026020859,7.1,3.98471264,6.9,43.0
1266,Romania,1/1/12,6.168693923999999,6.8,3.334922877,7.0,44.0
1267,Romania,1/1/11,5.868050362999999,7.2,5.7892529999999995,8.0,36.0
1268,Romania,1/1/10,-0.498667908,7.0,6.091416937000001,10.2,37.0
1269,Romania,1/1/09,-1.65609985,6.9,5.587419725,12.7,38.0
1270,Romania,1/1/08,26.8136919,5.8,7.850802025,-0.9,38.0
1271,Romania,1/1/07,24.194150699999998,6.4,4.837330415,-2.1,37.0
1272,Romania,1/1/06,19.48697265,7.3,6.558513584,3.1,31.0
1273,Romania,1/1/05,17.23564224,7.2,9.014912166,6.8,30.0
1274,Romania,1/1/04,27.49654018,7.7,11.87436445,8.8,29.0
1275,Romania,1/1/03,26.03645462,6.9,15.27348887,1.9,28.0
1276,Romania,1/1/02,29.71265357,8.1,22.53988533,10.4,26.0
1277,Romania,1/1/01,45.15506392,6.6,34.47701351,5.4,28.0
1282,Serbia,1/1/15,3.641096928,17.7,1.392356414,3.1,40.0
1283,Serbia,1/1/14,0.954777711,19.2,2.082448508,4.2,41.0
1284,Serbia,1/1/13,8.16633784,22.2,7.694262945,4.0,42.0
1285,Serbia,1/1/12,5.475545465,24.0,7.330385631,3.6,39.0
1286,Serbia,1/1/11,11.12678831,23.0,11.1374,2.6,33.0
1287,Serbia,1/1/10,6.501867299,19.2,6.142554546,0.8,35.0
1288,Serbia,1/1/09,4.940468698,16.1,8.116955027000001,-0.9,35.0
1289,Serbia,1/1/08,15.254602199999999,13.7,12.41097662,-2.8,34.0
1290,Serbia,1/1/07,15.70176374,18.1,6.391713413,-4.0,34.0
1291,Serbia,1/1/06,18.09463795,20.9,11.72402563,-6.4,30.0
1292,Rwanda,1/1/19,9.4,1.03,3.353343976,16.1,53.0
1293,Rwanda,1/1/18,8.6,1.02,-0.309531209,17.8,56.0
1294,Rwanda,1/1/17,4.0,1.06,8.274368895,8.9,55.0
1295,Rwanda,1/1/16,6.0,1.11,7.184480249,11.7,54.0
1296,Rwanda,1/1/15,8.9,1.14,2.529059997,16.7,54.0
1297,Rwanda,1/1/14,6.2,1.17,2.328303681,11.9,49.0
1298,Rwanda,1/1/13,4.7,1.18,5.935593214,14.3,53.0
1299,Rwanda,1/1/12,8.6,1.14,10.27296431,11.4,53.0
1300,Rwanda,1/1/11,8.0,1.1,3.0966299999999998,8.8,5.0
1301,Rwanda,1/1/10,7.3,1.07,-0.258699012,13.4,4.0
1302,Rwanda,1/1/09,6.2,1.01,12.94114745,8.9,3.3
1303,Rwanda,1/1/08,11.2,0.86,15.43821385,1.5,3.0
1304,Rwanda,1/1/07,7.6,0.86,9.08071663,2.7,2.8
1305,Rwanda,1/1/06,9.2,0.88,8.882838619,-0.8,2.5
1306,Rwanda,1/1/05,9.4,0.92,9.014086072000001,6.1,3.1
1307,Solomon Islands,1/1/09,5028.3,2.0,7.092712429,2.7,28.0
1308,Seychelles,1/1/18,3.8,3.5,3.702917497,9.9,66.0
1309,Seychelles,1/1/17,4.4,3.7,2.8567962060000003,7.0,60.0
1310,Seychelles,1/1/15,4.9,4.2,4.041945359,10.1,55.0
1311,Seychelles,1/1/14,4.5,3.8,1.38582933,9.1,55.0
1312,Seychelles,1/1/11,5.4,4.1,2.55927,6.4,4.8
1313,Seychelles,1/1/05,9.01,5.5,0.9071820690000001,9.3,4.0
1314,Sweden,1/1/06,6.502131463,7.1,1.3602188519999998,1.9,92.0
1315,Sweden,1/1/05,3.5648086310000004,7.5,0.453171043,2.8,92.0
1316,Sweden,1/1/04,4.684320732,6.7,0.37365175899999997,3.8,92.0
1317,Sweden,1/1/03,4.049322336,5.6,1.9256637140000001,3.3,93.0
1318,Sweden,1/1/02,3.7785608760000002,5.0,2.158484074,4.2,93.0
1319,Sweden,1/1/01,3.969020215,4.7,2.405948069,3.2,90.0
1320,Sweden,1/1/00,6.3438896279999994,5.5,0.8991443859999999,4.2,94.0
1321,Sweden,1/1/99,5.183182723,7.6,0.46217728700000005,4.4,94.0
1322,Sweden,1/1/98,5.159849536,8.9,-0.267127512,5.6,95.0
1323,Sweden,1/1/97,4.642885985,10.4,0.658407949,5.5,93.5
1324,Sweden,1/1/96,2.604452654,9.5,0.533129423,7.6,90.8
1325,Sweden,1/1/95,7.896569929,8.9,2.4551449869999997,7.1,88.7
1326,Singapore,1/1/17,7.237524482,4.2,0.576200751,2.4,84.0
1327,Singapore,1/1/16,3.961349326,4.1,-0.532240001,4.6,84.0
1328,Singapore,1/1/15,6.1402002620000005,3.8,-0.522605224,2.2,85.0
1329,Singapore,1/1/14,3.657751715,3.7,1.025124379,5.6,84.0
1330,Singapore,1/1/13,4.365804748,3.9,2.358638422,5.9,86.0
1331,Singapore,1/1/12,4.952814415,3.7,4.575582578,4.9,87.0
1332,Singapore,1/1/11,7.45849671,3.9,5.2478,4.3,92.0
1333,Singapore,1/1/10,15.78840948,4.1,2.823639977,4.2,93.0
1334,Singapore,1/1/09,3.085657673,5.9,0.596729315,2.3,92.0
1335,Singapore,1/1/08,0.456182966,4.0,6.6278288739999995,6.9,92.0
1336,Singapore,1/1/07,15.47213146,3.9,2.104875527,-0.6,93.0
1337,Singapore,1/1/06,11.01705034,4.5,0.962914873,3.4,94.0
1338,Singapore,1/1/05,9.406839374,5.6,0.425099966,3.3,94.0
1339,Singapore,1/1/04,14.29308732,5.8,1.662739271,1.2,93.0
1340,Singapore,1/1/03,2.667381219,5.9,0.507865321,7.2,94.0
1341,Singapore,1/1/02,2.9912558989999996,5.6,-0.39163868799999996,6.3,93.0
1342,Singapore,1/1/01,-2.865864408,3.8,0.997193632,7.6,92.0
1343,Singapore,1/1/00,13.25098716,3.7,1.36161495,1.9,91.0
1344,Singapore,1/1/99,1.9359483780000002,4.9,0.016658615,9.7,91.0
1345,Singapore,1/1/98,-3.490748289,3.4,-0.267486293,8.9,91.0
1346,Singapore,1/1/97,9.491431551,2.5,2.003612119,5.2,86.6
1347,Singapore,1/1/96,9.090149466,3.6,1.383097008,4.7,88.0
1348,Singapore,1/1/95,10.57959014,3.3,1.720605951,3.1,92.6
1349,Sierra Leone,1/1/17,0.04,4.5,18.21981634,2.9,30.0
1350,Sierra Leone,1/1/16,6.34,4.59,10.88329958,16.0,30.0
1351,Sierra Leone,1/1/15,-0.2,4.64,6.693676139,-0.1,29.0
1352,Sierra Leone,1/1/14,4.6,4.68,4.645439112,17.3,31.0
1353,Sierra Leone,1/1/13,20.72,4.6,5.518265951,12.8,30.0
1354,Sierra Leone,1/1/12,15.2,4.44,6.588368377999999,8.0,31.0
1355,Sierra Leone,1/1/11,6.32,4.29,6.7882,3.1,2.5
1356,Sierra Leone,1/1/10,5.35,4.16,7.193544376,3.5,2.4
1357,Sierra Leone,1/1/09,0.03,3.97,7.4691033760000005,13.3,2.2
1358,Sierra Leone,1/1/08,5.4,3.63,8.204703111,13.2,1.9
1359,Sierra Leone,1/1/07,8.06,3.54,11.64994496,17.0,2.1
1360,Senegal,1/1/17,7.4,6.62,1.318162082,4.5,45.0
1361,Senegal,1/1/16,6.4,6.71,0.837346075,4.3,45.0
1362,Senegal,1/1/15,6.4,6.76,0.135167346,4.0,44.0
1363,Senegal,1/1/14,4.08,7.61,-1.090284866,7.6,43.0
1364,Senegal,1/1/13,3.46,8.54,0.710310032,5.2,41.0
1365,Senegal,1/1/12,4.41,9.43,1.418234639,2.4,36.0
1366,Senegal,1/1/11,1.76,10.36,3.4032,1.7,2.9
1367,Senegal,1/1/10,4.2,10.35,1.2287141320000001,4.0,2.9
1368,Senegal,1/1/09,2.06,10.23,-2.248015991,6.0,3.0
1369,Senegal,1/1/08,3.68,9.8,7.34714732,-1.5,3.4
1370,Senegal,1/1/07,4.94,9.85,5.853336572000001,-0.5,3.6
1371,Senegal,1/1/06,2.46,10.03,2.112269349,0.7,3.3
1372,Senegal,1/1/05,5.62,8.94,1.711306135,4.5,3.2
1373,Syria,1/1/07,17.05475659,8.4,3.907720332,-1.6237,24.0
1374,Syria,1/1/06,14.60157723,8.2,10.02410344,0.19505999999999998,29.0
1375,Syria,1/1/05,18.90841438,8.1,7.240355486,-3.91465,34.0
1376,Syria,1/1/04,17.94215589,12.3,4.433131932,-2.56445,34.0
1377,Syria,1/1/03,-3.93012827,10.8,5.7968407,7.35858,34.0
1378,Swaziland,1/1/18,5.207754337,22.36,4.8149462,7.3,38.0
1379,Swaziland,1/1/17,4.9366347710000005,22.54,6.221493571,7.7,39.0
1380,Swaziland,1/1/14,8.115710551,24.19,5.680233662999999,1.4,43.0
1381,Swaziland,1/1/13,10.64772946,24.97,5.620910328,1.8,39.0
1382,Swaziland,1/1/12,14.62008187,25.6,8.939609601,0.0,37.0
1390,Togo,1/1/17,4.4,2.13,-0.9818938840000001,4.2,32.0
1391,Togo,1/1/16,5.6,2.17,1.2854499129999999,3.3,32.0
1392,Togo,1/1/15,5.7,2.2,2.585003973,1.6,32.0
1393,Togo,1/1/14,5.92,2.16,0.190872474,5.4,29.0
1394,Togo,1/1/13,6.11,2.13,1.825401315,3.5,29.0
1395,Togo,1/1/12,6.54,2.05,2.577181866,3.3,30.0
1396,Togo,1/1/11,6.4,1.98,3.56351,4.1,2.4
1397,Togo,1/1/10,4.0,2.39,1.445949699,4.5,2.4
1398,Togo,1/1/09,3.35,2.8,3.713596087,3.3,2.8
1399,Togo,1/1/08,2.36,3.05,8.694837225,-6.1,2.7
1400,Togo,1/1/07,2.08,3.57,0.945673173,-0.2,2.3
1401,Togo,1/1/06,3.9,4.23,2.228968805,5.3,2.4
1402,Thailand,1/1/19,3.137409435,0.7,0.70667231,3.3,36.0
1403,Thailand,1/1/18,5.676028187000001,0.8,1.063917733,2.6,36.0
1404,Thailand,1/1/17,6.126093406,0.8,0.665666223,2.4,37.0
1405,Thailand,1/1/16,6.178442799,0.7,0.188140105,1.8,35.0
1406,Thailand,1/1/15,3.878687265,0.6,-0.900437286,4.0,38.0
1407,Thailand,1/1/14,2.4401017780000003,0.6,1.8951269730000002,3.5,38.0
1408,Thailand,1/1/13,4.514045173,0.2,2.184900667,3.2,35.0
1409,Thailand,1/1/12,9.290216086000001,0.6,3.014869645,3.2,37.0
1410,Thailand,1/1/11,4.6146771719999995,0.7,3.8088,1.3,34.0
1411,Thailand,1/1/10,11.90100042,0.6,3.2475483869999997,0.2,35.0
1412,Thailand,1/1/09,-0.49719123299999995,1.5,-0.84571466,4.6,34.0
1413,Thailand,1/1/08,6.948072788999999,1.2,5.468493565,0.7,35.0
1414,Thailand,1/1/07,8.04291909,1.2,2.241528721,3.5,33.0
1415,Thailand,1/1/06,10.32559183,1.2,4.6374759160000005,1.1,36.0
1416,Thailand,1/1/05,9.492410575,1.4,4.540470567,-0.4,38.0
1417,Thailand,1/1/04,10.08308451,1.5,2.759119613,0.9,36.0
1418,Thailand,1/1/01,5.42782584,2.6,1.626969558,5.3,32.0
1419,Thailand,1/1/00,5.845598567000001,2.4,1.591929635,6.4,32.0
1420,Thailand,1/1/99,1.877528553,3.0,0.28475806800000003,11.9,32.0
1421,Thailand,1/1/98,-0.185911331,3.4,7.9947655520000005,5.9,30.0
1422,Thailand,1/1/97,1.54585302,0.9,5.625835725,8.8,30.6
1423,Thailand,1/1/96,9.981710038,1.1,5.80505888,8.9,33.3
1424,Thailand,1/1/95,14.32667677,1.1,5.818154904,7.1,27.9
1425,Tajikistan,1/1/16,12.53989469,6.9,6.0045522,18.7,25.0
1426,Tajikistan,1/1/09,16.49912464,11.5,6.44822176,9.3,20.0
1427,Tajikistan,1/1/07,37.16256749,2.5,13.14912554,-3.4,21.0
1428,Tajikistan,1/1/06,29.53681348,2.2,10.01085496,2.6,22.0
1429,Tajikistan,1/1/05,16.85178279,2.0,7.0920360129999995,12.5,21.0
1430,Tajikistan,1/1/04,29.52702987,2.0,7.141854726,2.5,20.0
1431,Tajikistan,1/1/03,41.06597932,2.4,16.30346816,-8.2,18.0
1432,East Timor (Timor-Leste for EIU),1/1/13,-15.31,11.0,11.08491235,-5.6,30.0
1433,East Timor (Timor-Leste for EIU),1/1/10,24.98,3.0,6.765973257000001,0.2,25.0
1439,Tanzania,1/1/19,6.98,1.98,3.464280703,11.8,37.0
1440,Tanzania,1/1/18,6.95,1.99,3.4944581919999997,12.1,36.0
1441,Tanzania,1/1/17,6.77,2.03,5.318716282,14.7,36.0
1442,Tanzania,1/1/16,6.87,2.08,5.174766448,7.9,32.0
1443,Tanzania,1/1/15,6.16,2.1,5.588169165,7.9,30.0
1444,Tanzania,1/1/14,6.73,2.13,6.131614691,9.7,31.0
1445,Tanzania,1/1/13,6.78,2.93,7.870723687000001,5.6,33.0
1446,Tanzania,1/1/12,2.69,3.19,16.00109411,4.6,35.0
1447,Tanzania,1/1/11,8.49,3.47,12.690969,2.5,3.0
1448,Tanzania,1/1/10,6.36,2.99,6.200156284,4.7,2.7
1449,Tanzania,1/1/09,5.38,2.5,12.14222694,5.5,2.6
1450,Tanzania,1/1/08,5.57,2.6,10.27839434,-1.2,3.0
1451,Tanzania,1/1/07,8.46,2.9,7.025514961,6.4,3.2
1452,Tanzania,1/1/06,4.66,3.3,7.250971382,9.6,2.9
1453,Tanzania,1/1/05,7.4,3.33,5.034571483,8.3,2.9
1454,Tanzania,1/1/04,7.8,3.29,4.73580062,6.8,2.8
1455,Tanzania,1/1/03,6.9,3.23,5.30356666,5.6,2.5
1456,Tanzania,1/1/02,7.2,3.13,5.317833036000001,8.5,2.7
1457,Tanzania,1/1/01,6.0,2.99,5.147468778,14.5,2.2
1458,Tanzania,1/1/00,4.9,3.07,5.923960294,12.4,2.5
1459,Ukraine,1/1/19,11.62636817,8.2,7.886717722999999,10.8,30.0
1460,Ukraine,1/1/18,19.32764097,8.8,10.951856,3.1,32.0
1461,Ukraine,1/1/17,25.09110757,9.5,14.43832248,-4.7,30.0
1462,Ukraine,1/1/16,19.95545485,9.4,13.91271029,1.6,29.0
1464,Ukraine,1/1/14,8.307204897,9.3,12.07185675,1.6,26.0
1465,Ukraine,1/1/13,4.309129055,7.2,-0.23894880699999999,11.8,25.0
1466,Ukraine,1/1/12,8.052209592,7.5,0.568727596,9.8,26.0
1467,Ukraine,1/1/11,20.44247164,7.9,7.955725,1.5,23.0
1468,Ukraine,1/1/10,18.29045629,8.1,9.372930972,1.7,24.0
1469,Ukraine,1/1/09,-3.6612675539999997,8.8,15.88119194,6.9,22.0
1470,Ukraine,1/1/08,31.54103943,6.4,25.22646299,-8.6,25.0
1471,Ukraine,1/1/07,32.44993764,6.4,12.83877823,-7.5,27.0
1472,Ukraine,1/1/06,23.26442505,6.8,9.052526184,0.4,28.0
1473,Ukraine,1/1/05,27.91522612,7.2,13.56957526,-6.5,26.0
1474,Ukraine,1/1/04,29.08897575,8.6,9.048068212,2.0,22.0
1475,Ukraine,1/1/03,18.39354581,9.1,5.179678797,9.1,23.0
1476,Ukraine,1/1/02,10.58821223,10.1,0.7574209679999999,19.3,24.0
1477,Ukraine,1/1/01,19.94531663,11.1,11.95880895,20.4,21.0
1478,Ukraine,1/1/00,30.37978325,11.7,28.20309519,15.0,15.0
1479,Ukraine,1/1/99,27.14512486,11.9,22.68367382,21.6,26.0
1481,Uganda,1/1/18,6.51,1.75,2.623979813,15.1,26.0
1482,Uganda,1/1/17,6.16,1.79,5.640977617000001,15.8,26.0
1483,Uganda,1/1/16,3.9,1.83,5.44571364,18.2,25.0
1484,Uganda,1/1/15,4.78,1.86,5.410025986,16.6,25.0
1485,Uganda,1/1/14,5.19,1.88,3.074703817,15.7,26.0
1486,Uganda,1/1/13,5.11,1.91,4.902653066,19.0,26.0
1487,Uganda,1/1/12,3.59,3.55,12.67871847,21.5,29.0
1488,Uganda,1/1/11,3.84,3.58,15.1252,11.4,2.4
1489,Uganda,1/1/10,9.39,3.62,3.976584473,13.8,2.5
1491,Uganda,1/1/08,7.25,2.89,12.05079925,13.2,2.6
1492,Uganda,1/1/07,8.75,2.5,6.138614968,11.0,2.8
1493,Uganda,1/1/06,8.37,2.19,7.310708485,15.9,2.7
1494,Uganda,1/1/05,10.78,1.9,8.448660878,21.8,2.5
1495,Uganda,1/1/04,6.33,2.68,3.721254285,4.3,2.6
1496,Uganda,1/1/03,6.81,3.6,8.680562558,10.3,2.2
1497,Uganda,1/1/02,6.47,3.5,-0.287563299,23.0,2.1
1498,Uganda,1/1/01,8.51,3.13,1.865197749,17.3,1.9
1499,Uganda,1/1/00,5.61,2.83,3.3919484310000003,10.6,2.3
1500,Uganda,1/1/99,5.39,2.56,5.777275412000001,21.7,2.2
1501,United Kingdom,1/1/14,4.480926812,6.1,1.45112616,-1.3,78.0
1502,United Kingdom,1/1/13,4.0756376869999995,7.5,2.291666921,-1.4,76.0
1503,United Kingdom,1/1/12,3.165291387,7.9,2.573233294,-1.1,74.0
1504,United Kingdom,1/1/11,3.611712644,8.0,3.8561099999999997,-1.5,78.0
1505,United Kingdom,1/1/10,3.5128779889999997,7.8,2.492652046,-1.0,76.0
1506,United Kingdom,1/1/09,-2.664769729,7.5,1.9617357030000002,-1.0,77.0
1507,United Kingdom,1/1/08,2.588040812,5.6,3.521408875,1.7,77.0
1508,United Kingdom,1/1/07,5.078095602,5.3,2.386556569,2.9,84.0
1509,United Kingdom,1/1/06,5.632776947999999,5.3,2.455659652,1.8,86.0
1510,United Kingdom,1/1/05,5.768077035,4.8,2.089138685,2.1,86.0
1511,United Kingdom,1/1/04,4.982528466000001,4.6,1.390396543,1.8,86.0
1512,United Kingdom,1/1/03,5.616743141000001,4.8,1.3765015280000001,1.4,87.0
1513,United Kingdom,1/1/02,4.486436345,5.0,1.5204036419999998,1.8,87.0
1514,United Kingdom,1/1/01,4.000178889,4.7,1.532347422,4.1,83.0
1515,United Kingdom,1/1/00,5.362100451,5.6,1.182957425,4.0,87.0
1516,United Kingdom,1/1/99,4.367536688,6.0,1.752949712,4.4,86.0
1517,United Kingdom,1/1/98,4.6298114539999995,6.2,1.82057123,6.2,87.0
1518,United Kingdom,1/1/97,4.964480377,7.1,2.201134872,5.4,82.2
1519,United Kingdom,1/1/96,6.714367379,8.2,2.8517850339999997,1.8,84.4
1520,United Kingdom,1/1/95,14.08569021,8.7,2.697499278,-4.1,85.7
1521,United States,1/1/19,4.117919422,3.7,1.812216855,3.5,69.0
1522,United States,1/1/18,5.618716255,3.9,2.442541517,2.5,71.0
1523,United States,1/1/17,4.159930397,4.4,2.130157086,2.2,75.0
1524,United States,1/1/16,2.677874856,4.9,1.261595445,2.4,74.0
1525,United States,1/1/15,3.98105851,5.3,0.11863652699999999,2.2,76.0
1526,United States,1/1/14,4.3902569510000005,6.2,1.622239404,1.3,74.0
1527,United States,1/1/13,3.62932485,7.4,1.464790605,1.5,73.0
1528,United States,1/1/12,4.210536203999999,8.1,2.069374002,1.3,73.0
1529,United States,1/1/11,3.672132162,8.9,3.1568,1.1,71.0
1530,United States,1/1/10,3.758893477,9.6,1.640064074,2.1,71.0
1531,United States,1/1/09,-1.793745655,9.3,-0.355589315,2.5,75.0
1532,United States,1/1/08,1.805892239,5.8,3.839115757,3.1,73.0
1533,United States,1/1/07,4.612855186,4.6,2.85268638,5.2,72.0
1534,United States,1/1/06,5.967572933,4.6,3.2259757369999997,4.8,73.0
1535,United States,1/1/05,6.737590132999999,5.1,3.392683358,3.0,76.0
1536,United States,1/1/04,6.593375041,5.5,2.6772368490000003,1.6,75.0
1537,United States,1/1/03,4.771443011000001,6.0,2.270079585,2.2,75.0
1538,United States,1/1/02,3.351011135,5.8,1.58603296,3.0,77.0
1539,United States,1/1/01,3.2136647760000003,4.7,2.826238086,4.6,76.0
1540,United States,1/1/00,6.455224686,4.0,3.376833165,6.8,78.0
1541,United States,1/1/99,6.265667036,4.2,2.188069357,6.5,75.0
1542,United States,1/1/98,5.6573703879999995,4.5,1.5521757090000001,7.1,75.0
1543,United States,1/1/97,6.248289076,5.0,2.337789443,6.6,76.1
1544,United States,1/1/96,5.67260783,5.5,2.931193369,6.3,76.6
1545,United States,1/1/95,4.837403372,5.7,2.805410161,6.6,77.9
1546,Uruguay,1/1/19,7.907070301,9.4,7.881988709,3.6,71.0
1547,Uruguay,1/1/18,7.265122925,8.3,7.606533604,6.3,70.0
1548,Uruguay,1/1/17,7.419682895,7.9,6.2180938260000005,8.7,70.0
1549,Uruguay,1/1/16,9.15941308,7.8,9.639413476,8.2,71.0
1550,Uruguay,1/1/15,9.420448961,7.5,8.666269871,6.3,74.0
1551,Uruguay,1/1/14,12.91458509,6.5,8.877353332,5.6,73.0
1552,Uruguay,1/1/13,13.16940083,6.4,8.57513504,4.0,73.0
1553,Uruguay,1/1/12,12.39851188,6.5,8.097765806,2.4,72.0
1554,Uruguay,1/1/11,14.6369,6.3,8.092832063,0.7,70.0
1555,Uruguay,1/1/10,13.09335021,7.2,6.69870887,5.2,69.0
1556,Uruguay,1/1/09,12.31980276,7.7,7.062218744,7.0,67.0
1557,Uruguay,1/1/08,15.77546165,8.0,7.877073747000001,4.1,69.0
1558,Uruguay,1/1/07,16.57502937,9.4,8.114645612,-0.4,67.0
1559,Uruguay,1/1/06,10.89968577,10.8,6.397649744,2.6,64.0
1560,Uruguay,1/1/05,8.18857038,12.0,4.69927739,12.8,59.0
1561,Uruguay,1/1/04,15.61488956,13.0,9.157605075,12.3,62.0
1562,Uruguay,1/1/03,17.480126199999997,16.7,19.37973017,36.4,55.0
1567,Uruguay,1/1/97,38.38219422,11.4,19.81880932,34.6,41.4
1568,Venezuela,1/1/13,37.32260506,7.5,40.63935824,-14.5,20.0
1569,Venezuela,1/1/12,20.47636453,6.6,21.06904422,2.0,19.0
1570,Venezuela,1/1/11,33.50124626,6.9,26.0902,-8.6,19.0
1571,Venezuela,1/1/10,43.77047808,7.1,28.1875435,-18.9,20.0
1572,Venezuela,1/1/09,4.378570043,6.1,27.0807846,11.2,19.0
1573,Vietnam,1/1/19,8.931547226000001,2.0,2.7958201939999996,5.8,37.0
1574,Vietnam,1/1/18,10.71433637,1.2,3.539568982,3.8,33.0
1575,Vietnam,1/1/17,11.17636777,1.9,3.520312006,2.9,35.0
1576,Vietnam,1/1/16,7.390441182999999,1.8,2.668204308,5.8,33.0
1577,Vietnam,1/1/15,6.475757366,1.8,0.631214596,7.3,31.0
1578,Vietnam,1/1/14,9.865182847,1.3,4.084584298999999,4.8,31.0
1579,Vietnam,1/1/13,10.44065497,1.3,6.592668171000001,5.4,31.0
1580,Vietnam,1/1/12,16.74673007,1.0,9.094716194,2.3,31.0
1581,Vietnam,1/1/11,28.82769155,1.0,18.6777,-3.6,29.0
1582,Vietnam,1/1/10,19.273094699999998,1.1,9.207502992,0.9,27.0
1583,Vietnam,1/1/09,11.94903366,1.7,6.716951051000001,3.6,27.0
1584,Vietnam,1/1/07,17.44631747,2.0,8.34452611,1.4,26.0
1585,Vietnam,1/1/04,16.60529177,2.1,7.75497241,1.2,26.0
1586,Vietnam,1/1/03,14.49916194,2.3,3.234630927,2.2,24.0
1587,Vietnam,1/1/02,11.31675999,2.1,3.830755061,4.2,24.0
1588,Vietnam,1/1/01,8.977552157,2.8,-0.431496993,6.6,26.0
1589,Vietnam,1/1/00,10.42751199,2.3,-1.7103660280000001,6.9,25.0
1590,Vietnam,1/1/99,10.78204073,2.3,4.117215182,6.6,26.0
1591,Vietnam,1/1/98,15.11177433,2.3,7.2661239879999995,5.1,25.0
1592,Vietnam,1/1/97,15.28731491,2.9,3.2095577580000003,7.3,27.9
1593,Samoa,1/1/11,8.88,5.7,5.2354199999999995,9.5,39.0
1598,South Africa,1/1/15,6.42605805,25.1,4.50921102,4.0,44.0
1599,South Africa,1/1/14,7.496461135,24.9,6.13602219,3.4,44.0
1600,South Africa,1/1/13,8.793423917,24.6,5.776402192000001,2.2,42.0
1601,South Africa,1/1/12,7.6130608639999995,24.7,5.723940735,3.3,43.0
1602,Zambia,1/1/19,1.48,11.43,9.150316652999999,6.6,34.0
1603,Zambia,1/1/18,4.03,11.5,7.494571995,-0.4,35.0
1604,Zambia,1/1/17,3.4,11.63,6.577311331000001,2.1,37.0
1605,Zambia,1/1/16,3.8,10.88,17.86973043,1.7,38.0
1606,Zambia,1/1/15,2.9,10.11,10.11059229,6.2,38.0
1607,Zambia,1/1/14,4.7,9.34,7.806875487,5.8,38.0
1608,Zambia,1/1/13,5.1,8.62,6.977676526000001,-0.2,38.0
1609,Zambia,1/1/12,7.6,7.85,6.575899326,4.8,37.0
1610,Zimbabwe,1/1/17,5.0,5.17,0.9097116890000001,4.4,22.0
1611,Zimbabwe,1/1/16,1.0,5.25,-1.566399465,4.8,22.0
1612,Zimbabwe,1/1/15,2.0,5.3,-2.409524545,7.9,21.0
1613,Zimbabwe,1/1/14,2.0,5.34,-0.212963939,9.7,21.0
1614,Zimbabwe,1/1/13,2.0,5.4,1.631629309,0.3,21.0
1615,Zimbabwe,1/1/12,17.0,5.38,3.721088001,7.3,20.0
